Store,Date,Temperature,Fuel_Price,CPI,Unemployment,IsHoliday
1,2023-02-03,32.9,3.127,210.015,7.92,0
1,2023-02-10,29.2,3.206,210.609,7.871,1
1,2023-02-17,34.5,3.156,210.11,7.964,0
1,2023-02-24,34.1,3.295,210.498,7.902,0
1,2023-03-03,31.9,3.321,210.253,7.8,0
1,2023-03-10,31.1,3.249,210.51,7.932,0
1,2023-03-17,38.1,3.29,210.458,7.97,0
1,2023-03-24,36.8,3.349,210.262,7.861,0
1,2023-03-31,38.5,3.28,210.657,7.84,0
1,2023-04-07,41.7,3.375,210.694,7.944,0
1,2023-04-14,43.6,3.339,210.587,7.699,0
1,2023-04-21,41.9,3.302,210.361,7.897,0
1,2023-04-28,45.9,3.354,211.1,7.812,0
1,2023-05-05,53.2,3.329,210.699,7.742,0
1,2023-05-12,52.4,3.419,210.292,7.871,0
1,2023-05-19,56.5,3.346,210.427,7.825,0
1,2023-05-26,56.5,3.384,210.917,7.967,0
1,2023-06-02,59.6,3.316,211.014,7.819,0
1,2023-06-09,66.4,3.401,211.117,7.934,0
1,2023-06-16,60.7,3.318,210.782,7.738,0
1,2023-06-23,61.8,3.371,211.044,7.62,0
1,2023-06-30,64.4,3.343,211.412,7.957,0
1,2023-07-07,77.4,3.334,210.914,7.534,0
1,2023-07-14,70.5,3.259,211.136,7.676,0
1,2023-07-21,70.0,3.337,211.358,7.711,0
1,2023-07-28,67.7,3.184,211.215,7.712,0
1,2023-08-04,76.3,3.259,211.705,7.657,0
1,2023-08-11,67.3,3.188,211.243,7.91,0
1,2023-08-18,68.0,3.262,211.24,7.78,0
1,2023-08-25,70.9,3.197,211.548,7.612,0
1,2023-09-01,70.0,3.168,211.243,7.54,0
1,2023-09-08,68.0,3.256,211.708,7.645,1
1,2023-09-15,66.8,3.23,211.776,7.606,0
1,2023-09-22,67.6,3.175,212.221,7.656,0
1,2023-09-29,58.7,3.076,212.306,7.8,0
1,2023-10-06,59.8,3.118,212.299,7.507,0
1,2023-10-13,55.4,3.164,211.792,7.607,0
1,2023-10-20,55.3,3.145,212.383,7.606,0
1,2023-10-27,55.3,3.025,211.996,7.503,0
1,2023-11-03,47.3,3.084,211.96,7.669,0
1,2023-11-10,44.6,3.133,211.965,7.535,0
1,2023-11-17,49.2,3.163,212.562,7.542,0
1,2023-11-24,41.8,3.133,212.283,7.565,1
1,2023-12-01,38.4,3.158,212.329,7.789,0
1,2023-12-08,45.3,3.122,212.224,7.381,0
1,2023-12-15,36.0,3.194,212.722,7.444,0
1,2023-12-22,34.1,3.085,212.362,7.401,0
1,2023-12-29,32.9,3.165,212.432,7.322,1
1,2024-01-05,28.9,3.333,212.124,7.378,0
1,2024-01-12,37.8,3.39,212.209,7.44,0
1,2024-01-19,32.6,3.351,212.314,7.443,0
1,2024-01-26,33.5,3.306,212.548,7.444,0
1,2024-02-02,26.9,3.292,212.631,7.471,0
1,2024-02-09,29.5,3.348,213.064,7.453,1
1,2024-02-16,32.6,3.347,212.81,7.355,0
1,2024-02-23,33.2,3.358,213.488,7.575,0
1,2024-03-01,34.4,3.344,212.577,7.526,0
1,2024-03-08,35.3,3.423,212.437,7.49,0
1,2024-03-15,37.4,3.36,212.869,7.414,0
1,2024-03-22,37.9,3.416,213.029,7.352,0
1,2024-03-29,40.1,3.517,212.34,7.344,0
1,2024-04-05,42.2,3.47,213.049,7.182,0
1,2024-04-12,44.9,3.551,212.75,7.434,0
1,2024-04-19,45.2,3.469,212.945,7.304,0
1,2024-04-26,52.5,3.506,213.83,7.445,0
1,2024-05-03,52.3,3.567,213.492,7.4,0
1,2024-05-10,52.5,3.484,213.201,7.406,0
1,2024-05-17,52.2,3.519,213.403,7.414,0
1,2024-05-24,60.3,3.567,213.73,7.13,0
1,2024-05-31,60.1,3.412,213.405,7.428,0
1,2024-06-07,64.3,3.429,213.306,7.271,0
1,2024-06-14,60.6,3.421,213.754,7.373,0
1,2024-06-21,67.8,3.329,213.802,7.255,0
1,2024-06-28,68.7,3.512,213.141,7.178,0
1,2024-07-05,70.5,3.339,214.253,7.264,0
1,2024-07-12,72.2,3.375,214.105,7.324,0
1,2024-07-19,71.1,3.4,213.992,7.121,0
1,2024-07-26,70.4,3.364,214.075,7.297,0
1,2024-08-02,67.8,3.35,214.455,7.113,0
1,2024-08-09,68.4,3.35,214.314,7.178,0
1,2024-08-16,74.4,3.367,214.363,7.223,0
1,2024-08-23,76.7,3.299,213.559,7.318,0
1,2024-08-30,67.3,3.3,214.603,6.987,0
1,2024-09-06,63.7,3.201,214.022,7.181,1
1,2024-09-13,67.5,3.282,213.887,6.896,0
1,2024-09-20,64.4,3.234,214.498,7.188,0
1,2024-09-27,62.8,3.287,214.479,7.16,0
1,2024-10-04,58.2,3.232,214.519,7.179,0
1,2024-10-11,56.9,3.262,214.431,7.076,0
1,2024-10-18,58.3,3.133,214.171,6.929,0
1,2024-10-25,46.4,3.197,214.835,7.039,0
1,2024-11-01,51.6,3.286,215.059,7.05,0
1,2024-11-08,52.6,3.24,214.459,6.988,0
1,2024-11-15,41.8,3.196,214.653,7.118,0
1,2024-11-22,49.1,3.179,214.928,6.923,0
1,2024-11-29,43.1,3.251,214.311,7.11,1
1,2024-12-06,37.8,3.242,214.59,6.942,0
1,2024-12-13,39.0,3.272,215.059,7.034,0
1,2024-12-20,40.0,3.279,214.567,7.094,0
1,2024-12-27,33.5,3.369,215.175,6.964,1
1,2025-01-03,34.3,3.428,215.734,6.974,0
1,2025-01-10,32.8,3.403,214.907,6.991,0
1,2025-01-17,31.5,3.384,214.96,6.788,0
1,2025-01-24,24.9,3.332,215.123,6.908,0
2,2023-02-03,40.3,3.18,213.299,7.45,0
2,2023-02-10,41.2,3.203,213.753,7.307,1
2,2023-02-17,39.8,3.37,213.551,7.554,0
2,2023-02-24,40.8,3.288,213.517,7.384,0
2,2023-03-03,39.2,3.299,213.328,7.458,0
2,2023-03-10,46.0,3.314,213.548,7.427,0
2,2023-03-17,43.3,3.358,213.134,7.338,0
2,2023-03-24,40.0,3.252,214.143,7.451,0
2,2023-03-31,45.7,3.264,212.895,7.297,0
2,2023-04-07,57.2,3.373,213.666,7.388,0
2,2023-04-14,47.4,3.345,213.914,7.323,0
2,2023-04-21,56.8,3.385,214.134,7.252,0
2,2023-04-28,59.5,3.454,213.693,7.222,0
2,2023-05-05,63.2,3.366,214.455,7.257,0
2,2023-05-12,66.0,3.383,214.161,7.448,0
2,2023-05-19,62.9,3.329,213.999,7.326,0
2,2023-05-26,61.6,3.404,214.022,7.386,0
2,2023-06-02,61.3,3.327,213.728,7.179,0
2,2023-06-09,71.3,3.35,214.208,7.235,0
2,2023-06-16,73.1,3.3,214.546,7.307,0
2,2023-06-23,75.3,3.367,214.473,7.435,0
2,2023-06-30,75.4,3.312,214.208,7.118,0
2,2023-07-07,73.2,3.269,214.463,7.245,0
2,2023-07-14,78.1,3.261,214.804,7.275,0
2,2023-07-21,78.2,3.251,214.748,7.21,0
2,2023-07-28,74.7,3.265,214.713,7.091,0
2,2023-08-04,79.8,3.179,215.085,7.296,0
2,2023-08-11,78.3,3.254,214.011,7.046,0
2,2023-08-18,77.8,3.166,214.998,7.351,0
2,2023-08-25,74.4,3.163,214.905,7.302,0
2,2023-09-01,73.3,3.203,215.43,6.966,0
2,2023-09-08,71.8,3.156,214.778,7.202,1
2,2023-09-15,74.9,3.076,215.139,7.053,0
2,2023-09-22,76.3,3.122,214.843,7.155,0
2,2023-09-29,72.9,3.167,214.578,7.145,0
2,2023-10-06,65.4,3.149,214.707,7.126,0
2,2023-10-13,63.9,3.068,215.398,7.095,0
2,2023-10-20,62.2,3.201,215.102,7.064,0
2,2023-10-27,62.4,3.096,215.425,6.998,0
2,2023-11-03,58.0,3.196,215.022,6.8,0
2,2023-11-10,61.6,3.259,215.262,6.837,0
2,2023-11-17,53.5,3.122,215.377,6.91,0
2,2023-11-24,53.9,3.17,215.036,7.081,1
2,2023-12-01,56.1,3.162,215.433,6.987,0
2,2023-12-08,49.7,3.078,215.633,6.952,0
2,2023-12-15,51.5,3.169,216.134,6.871,0
2,2023-12-22,46.0,3.209,215.423,6.989,0
2,2023-12-29,46.4,3.193,215.226,6.959,1
2,2024-01-05,38.8,3.209,215.759,6.781,0
2,2024-01-12,35.7,3.269,215.677,6.685,0
2,2024-01-19,42.2,3.278,215.67,6.799,0
2,2024-01-26,41.9,3.301,216.649,6.963,0
2,2024-02-02,40.4,3.296,216.229,6.974,0
2,2024-02-09,43.1,3.298,215.903,6.853,1
2,2024-02-16,42.2,3.419,215.946,6.849,0
2,2024-02-23,41.5,3.351,216.42,6.656,0
2,2024-03-01,39.0,3.343,215.488,6.775,0
2,2024-03-08,40.0,3.389,216.568,6.837,0
2,2024-03-15,41.2,3.413,216.599,6.754,0
2,2024-03-22,43.2,3.458,216.267,6.906,0
2,2024-03-29,47.8,3.479,216.073,6.83,0
2,2024-04-05,49.3,3.394,215.965,6.89,0
2,2024-04-12,51.1,3.413,216.455,6.924,0
2,2024-04-19,47.6,3.397,216.257,6.947,0
2,2024-04-26,57.7,3.515,216.242,6.679,0
2,2024-05-03,60.6,3.483,216.799,6.762,0
2,2024-05-10,62.5,3.489,216.917,6.852,0
2,2024-05-17,59.2,3.367,217.034,6.88,0
2,2024-05-24,63.3,3.383,216.814,6.844,0
2,2024-05-31,73.9,3.497,216.722,6.652,0
2,2024-06-07,70.6,3.448,216.579,6.936,0
2,2024-06-14,77.8,3.511,216.658,6.807,0
2,2024-06-21,76.1,3.466,217.359,6.775,0
2,2024-06-28,77.9,3.463,217.136,6.523,0
2,2024-07-05,77.2,3.39,216.7,6.859,0
2,2024-07-12,83.1,3.471,217.21,6.816,0
2,2024-07-19,78.7,3.398,216.856,6.711,0
2,2024-07-26,79.3,3.307,217.219,6.653,0
2,2024-08-02,84.6,3.401,217.287,6.676,0
2,2024-08-09,79.2,3.33,217.009,6.626,0
2,2024-08-16,76.4,3.262,217.537,6.67,0
2,2024-08-23,72.6,3.303,217.733,6.727,0
2,2024-08-30,80.0,3.296,217.23,6.503,0
2,2024-09-06,76.7,3.3,217.92,6.711,1
2,2024-09-13,73.8,3.206,217.488,6.613,0
2,2024-09-20,71.9,3.229,217.71,6.531,0
2,2024-09-27,68.7,3.264,217.563,6.596,0
2,2024-10-04,69.3,3.184,217.59,6.705,0
2,2024-10-11,62.8,3.13,217.225,6.554,0
2,2024-10-18,64.1,3.226,218.198,6.274,0
2,2024-10-25,62.8,3.309,217.546,6.493,0
2,2024-11-01,57.0,3.187,217.836,6.664,0
2,2024-11-08,62.3,3.218,218.555,6.515,0
2,2024-11-15,59.7,3.236,218.073,6.538,0
2,2024-11-22,61.7,3.29,217.872,6.588,0
2,2024-11-29,48.8,3.233,218.406,6.484,1
2,2024-12-06,48.7,3.269,218.285,6.514,0
2,2024-12-13,40.2,3.315,217.939,6.317,0
2,2024-12-20,44.1,3.301,218.076,6.534,0
2,2024-12-27,38.7,3.292,218.158,6.436,1
2,2025-01-03,42.4,3.28,218.601,6.437,0
2,2025-01-10,34.8,3.251,218.43,6.399,0
2,2025-01-17,39.5,3.367,218.552,6.506,0
2,2025-01-24,36.0,3.329,218.206,6.43,0
3,2023-02-03,29.0,3.158,218.126,6.202,0
3,2023-02-10,34.4,3.204,218.658,6.165,1
3,2023-02-17,32.1,3.264,217.933,6.261,0
3,2023-02-24,35.7,3.252,218.92,6.15,0
3,2023-03-03,42.6,3.266,218.11,6.209,0
3,2023-03-10,34.4,3.258,218.663,6.248,0
3,2023-03-17,37.3,3.361,218.941,6.326,0
3,2023-03-24,42.5,3.394,218.079,6.141,0
3,2023-03-31,40.2,3.345,218.522,6.146,0
3,2023-04-07,50.5,3.342,218.868,6.129,0
3,2023-04-14,47.3,3.361,218.928,6.259,0
3,2023-04-21,54.3,3.383,219.02,6.017,0
3,2023-04-28,51.5,3.42,219.153,6.144,0
3,2023-05-05,56.8,3.401,219.304,6.141,0
3,2023-05-12,55.5,3.394,218.114,6.141,0
3,2023-05-19,48.0,3.289,219.179,6.14,0
3,2023-05-26,57.7,3.337,219.505,6.034,0
3,2023-06-02,70.2,3.367,219.266,6.234,0
3,2023-06-09,65.9,3.309,219.161,6.059,0
3,2023-06-16,63.3,3.337,219.021,6.145,0
3,2023-06-23,69.2,3.325,219.262,6.065,0
3,2023-06-30,72.4,3.277,219.031,6.143,0
3,2023-07-07,70.6,3.243,219.527,6.069,0
3,2023-07-14,68.2,3.311,219.664,6.05,0
3,2023-07-21,75.4,3.214,219.593,5.972,0
3,2023-07-28,72.5,3.312,219.987,6.172,0
3,2023-08-04,78.1,3.247,219.699,6.059,0
3,2023-08-11,74.4,3.242,219.891,5.967,0
3,2023-08-18,71.4,3.199,219.884,5.963,0
3,2023-08-25,73.9,3.238,219.631,6.028,0
3,2023-09-01,73.0,3.129,220.226,5.892,0
3,2023-09-08,65.6,3.125,219.537,5.938,1
3,2023-09-15,68.3,3.148,220.079,5.956,0
3,2023-09-22,68.3,3.174,220.128,5.702,0
3,2023-09-29,64.4,3.036,220.004,5.902,0
3,2023-10-06,66.6,3.197,220.104,5.842,0
3,2023-10-13,62.7,3.105,220.093,5.981,0
3,2023-10-20,57.2,3.169,220.347,5.777,0
3,2023-10-27,59.5,3.162,220.224,5.786,0
3,2023-11-03,51.6,3.101,220.406,5.757,0
3,2023-11-10,53.0,3.069,220.232,5.853,0
3,2023-11-17,56.7,3.067,220.785,5.847,0
3,2023-11-24,48.3,3.15,220.527,5.807,1
3,2023-12-01,49.2,3.13,220.783,5.748,0
3,2023-12-08,42.6,3.111,220.63,5.947,0
3,2023-12-15,40.6,3.168,220.209,5.77,0
3,2023-12-22,34.4,3.147,220.662,5.914,0
3,2023-12-29,46.1,3.179,221.074,5.797,1
3,2024-01-05,36.0,3.248,220.712,5.773,0
3,2024-01-12,34.2,3.175,220.28,5.818,0
3,2024-01-19,33.9,3.234,220.796,5.822,0
3,2024-01-26,34.8,3.251,221.211,5.89,0
3,2024-02-02,35.6,3.353,221.266,5.835,0
3,2024-02-09,36.1,3.354,221.099,5.603,1
3,2024-02-16,36.8,3.276,220.755,5.833,0
3,2024-02-23,38.0,3.438,220.962,5.577,0
3,2024-03-01,35.7,3.387,221.117,5.796,0
3,2024-03-08,36.6,3.417,220.847,5.717,0
3,2024-03-15,39.2,3.378,221.123,5.644,0
3,2024-03-22,40.1,3.519,221.214,5.628,0
3,2024-03-29,36.5,3.399,221.215,5.574,0
3,2024-04-05,49.0,3.447,221.73,5.639,0
3,2024-04-12,47.2,3.46,221.395,5.794,0
3,2024-04-19,42.4,3.372,221.281,5.614,0
3,2024-04-26,53.8,3.501,221.378,5.704,0
3,2024-05-03,57.2,3.489,221.832,5.62,0
3,2024-05-10,54.9,3.516,221.627,5.583,0
3,2024-05-17,63.3,3.357,221.218,5.454,0
3,2024-05-24,60.1,3.464,221.241,5.464,0
3,2024-05-31,60.8,3.594,222.284,5.511,0
3,2024-06-07,64.4,3.406,221.221,5.531,0
3,2024-06-14,64.4,3.45,221.363,5.456,0
3,2024-06-21,69.6,3.462,222.019,5.39,0
3,2024-06-28,73.2,3.391,222.133,5.511,0
3,2024-07-05,67.7,3.402,222.103,5.564,0
3,2024-07-12,72.4,3.48,222.346,5.467,0
3,2024-07-19,75.8,3.485,222.682,5.36,0
3,2024-07-26,71.2,3.446,221.826,5.34,0
3,2024-08-02,72.7,3.377,222.163,5.397,0
3,2024-08-09,72.0,3.304,221.98,5.681,0
3,2024-08-16,74.4,3.368,222.147,5.424,0
3,2024-08-23,70.7,3.176,221.93,5.251,0
3,2024-08-30,65.1,3.235,222.791,5.418,0
3,2024-09-06,74.5,3.301,222.678,5.322,1
3,2024-09-13,70.7,3.305,222.32,5.458,0
3,2024-09-20,69.1,3.23,222.207,5.274,0
3,2024-09-27,65.8,3.265,222.356,5.385,0
3,2024-10-04,65.1,3.272,223.109,5.5,0
3,2024-10-11,58.2,3.32,222.534,5.467,0
3,2024-10-18,59.1,3.212,222.201,5.335,0
3,2024-10-25,51.9,3.279,223.249,5.263,0
3,2024-11-01,55.0,3.196,222.655,5.41,0
3,2024-11-08,51.6,3.322,222.749,5.422,0
3,2024-11-15,49.6,3.28,222.809,5.307,0
3,2024-11-22,46.7,3.206,223.192,5.367,0
3,2024-11-29,46.6,3.334,223.478,5.255,1
3,2024-12-06,43.9,3.237,223.1,5.222,0
3,2024-12-13,45.7,3.3,223.078,5.392,0
3,2024-12-20,32.7,3.196,223.432,5.268,0
3,2024-12-27,38.4,3.246,223.237,5.453,1
3,2025-01-03,38.9,3.339,223.162,5.203,0
3,2025-01-10,29.0,3.362,223.597,5.075,0
3,2025-01-17,32.7,3.31,223.104,5.228,0
3,2025-01-24,28.0,3.419,223.67,5.187,0
4,2023-02-03,46.1,3.183,218.754,7.143,0
4,2023-02-10,52.6,3.24,219.328,7.236,1
4,2023-02-17,54.4,3.259,218.763,7.161,0
4,2023-02-24,53.5,3.231,219.251,6.876,0
4,2023-03-03,57.4,3.326,219.396,6.864,0
4,2023-03-10,57.6,3.332,218.795,6.905,0
4,2023-03-17,62.1,3.325,219.532,7.188,0
4,2023-03-24,62.6,3.359,220.271,6.971,0
4,2023-03-31,60.7,3.361,219.64,6.93,0
4,2023-04-07,62.1,3.466,219.656,6.899,0
4,2023-04-14,70.1,3.355,219.532,7.019,0
4,2023-04-21,65.8,3.385,220.232,6.999,0
4,2023-04-28,70.9,3.348,219.585,6.917,0
4,2023-05-05,73.3,3.422,219.238,7.019,0
4,2023-05-12,75.7,3.396,219.47,7.055,0
4,2023-05-19,83.0,3.424,219.404,6.995,0
4,2023-05-26,82.8,3.292,219.901,6.939,0
4,2023-06-02,85.4,3.376,220.046,7.04,0
4,2023-06-09,89.5,3.216,219.913,6.866,0
4,2023-06-16,82.5,3.355,220.433,6.764,0
4,2023-06-23,90.4,3.294,219.907,7.01,0
4,2023-06-30,89.3,3.35,219.597,7.039,0
4,2023-07-07,94.0,3.305,220.381,6.701,0
4,2023-07-14,96.7,3.283,220.197,6.783,0
4,2023-07-21,92.1,3.319,220.385,6.888,0
4,2023-07-28,94.3,3.294,220.233,7.035,0
4,2023-08-04,89.8,3.315,220.819,6.717,0
4,2023-08-11,101.0,3.286,220.75,6.795,0
4,2023-08-18,93.2,3.21,220.625,6.923,0
4,2023-08-25,93.7,3.159,220.805,6.865,0
4,2023-09-01,94.1,3.228,220.527,6.67,0
4,2023-09-08,88.3,3.095,220.729,6.744,1
4,2023-09-15,88.1,3.017,220.334,6.855,0
4,2023-09-22,85.7,3.172,220.341,6.876,0
4,2023-09-29,85.4,3.159,221.506,6.874,0
4,2023-10-06,82.8,3.108,220.761,6.763,0
4,2023-10-13,81.2,3.112,221.348,6.691,0
4,2023-10-20,86.1,3.133,221.494,6.728,0
4,2023-10-27,79.8,3.091,220.752,6.728,0
4,2023-11-03,77.4,3.13,220.672,6.536,0
4,2023-11-10,67.8,3.043,221.141,6.775,0
4,2023-11-17,69.6,3.023,221.101,6.636,0
4,2023-11-24,73.7,3.071,221.091,6.813,1
4,2023-12-01,66.5,3.181,221.293,6.665,0
4,2023-12-08,65.4,3.124,221.572,6.485,0
4,2023-12-15,62.2,3.187,221.173,6.61,0
4,2023-12-22,57.6,3.139,221.302,6.492,0
4,2023-12-29,59.0,3.151,221.672,6.474,1
4,2024-01-05,55.1,3.195,221.906,6.615,0
4,2024-01-12,55.1,3.27,220.926,6.568,0
4,2024-01-19,61.0,3.271,221.629,6.617,0
4,2024-01-26,57.3,3.184,221.153,6.573,0
4,2024-02-02,52.3,3.37,221.614,6.349,0
4,2024-02-09,50.8,3.187,221.688,6.514,1
4,2024-02-16,53.8,3.398,222.168,6.505,0
4,2024-02-23,49.4,3.394,222.025,6.543,0
4,2024-03-01,59.7,3.323,222.511,6.407,0
4,2024-03-08,60.3,3.315,221.679,6.644,0
4,2024-03-15,58.7,3.457,222.079,6.472,0
4,2024-03-22,65.3,3.418,221.524,6.392,0
4,2024-03-29,64.8,3.463,221.638,6.39,0
4,2024-04-05,63.4,3.437,221.745,6.39,0
4,2024-04-12,65.2,3.503,222.451,6.428,0
4,2024-04-19,68.5,3.479,222.013,6.318,0
4,2024-04-26,69.2,3.445,221.959,6.439,0
4,2024-05-03,76.7,3.401,222.366,6.39,0
4,2024-05-10,77.9,3.48,221.972,6.276,0
4,2024-05-17,79.3,3.531,221.794,6.427,0
4,2024-05-24,85.1,3.469,222.673,6.312,0
4,2024-05-31,83.4,3.39,221.855,6.467,0
4,2024-06-07,82.9,3.441,222.192,6.221,0
4,2024-06-14,87.2,3.418,222.772,6.398,0
4,2024-06-21,90.4,3.455,223.182,6.236,0
4,2024-06-28,90.8,3.488,223.138,6.19,0
4,2024-07-05,91.2,3.486,222.961,6.342,0
4,2024-07-12,92.5,3.384,222.945,6.287,0
4,2024-07-19,93.8,3.392,222.705,6.356,0
4,2024-07-26,103.1,3.283,223.055,6.216,0
4,2024-08-02,96.2,3.358,223.237,6.4,0
4,2024-08-09,94.9,3.397,222.355,6.431,0
4,2024-08-16,95.0,3.378,222.742,6.179,0
4,2024-08-23,93.6,3.308,223.243,6.361,0
4,2024-08-30,86.9,3.343,223.211,6.222,0
4,2024-09-06,86.5,3.306,222.534,6.297,1
4,2024-09-13,85.0,3.271,223.272,6.339,0
4,2024-09-20,87.2,3.223,223.206,6.34,0
4,2024-09-27,87.4,3.229,223.337,6.046,0
4,2024-10-04,84.9,3.153,223.684,6.205,0
4,2024-10-11,88.7,3.181,223.477,6.362,0
4,2024-10-18,82.8,3.198,223.625,6.173,0
4,2024-10-25,77.7,3.196,223.581,6.003,0
4,2024-11-01,74.9,3.255,223.59,5.991,0
4,2024-11-08,75.0,3.253,223.49,6.114,0
4,2024-11-15,65.2,3.189,223.597,6.255,0
4,2024-11-22,65.5,3.28,223.647,6.147,0
4,2024-11-29,64.7,3.301,223.698,5.955,1
4,2024-12-06,59.0,3.242,223.533,6.143,0
4,2024-12-13,59.8,3.4,223.437,6.113,0
4,2024-12-20,56.1,3.272,224.051,5.85,0
4,2024-12-27,58.7,3.408,223.922,6.098,1
4,2025-01-03,59.8,3.322,223.934,5.835,0
4,2025-01-10,57.7,3.343,223.854,6.065,0
4,2025-01-17,53.3,3.342,224.39,5.909,0
4,2025-01-24,57.8,3.318,224.059,6.225,0
5,2023-02-03,25.6,3.204,211.999,8.059,0
5,2023-02-10,27.3,3.209,211.606,8.006,1
5,2023-02-17,30.5,3.171,212.031,7.966,0
5,2023-02-24,28.9,3.24,212.581,8.089,0
5,2023-03-03,25.6,3.311,211.956,7.97,0
5,2023-03-10,31.7,3.271,212.506,7.941,0
5,2023-03-17,30.4,3.279,212.118,8.118,0
5,2023-03-24,35.8,3.412,213.018,7.895,0
5,2023-03-31,36.1,3.281,212.155,7.925,0
5,2023-04-07,34.8,3.298,212.395,7.856,0
5,2023-04-14,42.7,3.314,213.331,7.923,0
5,2023-04-21,42.7,3.303,213.05,8.07,0
5,2023-04-28,45.7,3.306,212.651,7.836,0
5,2023-05-05,51.6,3.416,212.667,7.694,0
5,2023-05-12,46.7,3.411,213.052,8.039,0
5,2023-05-19,47.2,3.391,213.043,7.752,0
5,2023-05-26,54.3,3.386,212.698,7.723,0
5,2023-06-02,55.5,3.35,212.794,7.842,0
5,2023-06-09,57.3,3.357,213.021,7.858,0
5,2023-06-16,59.3,3.355,212.362,7.926,0
5,2023-06-23,62.2,3.341,213.276,7.673,0
5,2023-06-30,57.8,3.341,213.036,7.875,0
5,2023-07-07,63.5,3.347,213.368,7.897,0
5,2023-07-14,65.1,3.194,213.369,7.96,0
5,2023-07-21,68.6,3.24,213.39,7.914,0
5,2023-07-28,71.8,3.224,213.17,7.893,0
5,2023-08-04,67.4,3.196,213.413,7.866,0
5,2023-08-11,67.3,3.247,213.261,7.946,0
5,2023-08-18,63.9,3.191,213.391,7.876,0
5,2023-08-25,61.4,3.139,212.827,7.781,0
5,2023-09-01,61.6,3.171,213.687,7.704,0
5,2023-09-08,64.4,3.162,213.74,7.806,1
5,2023-09-15,60.1,3.156,213.901,7.787,0
5,2023-09-22,56.3,3.187,213.313,7.879,0
5,2023-09-29,61.7,3.159,213.735,7.707,0
5,2023-10-06,58.6,3.119,213.809,7.805,0
5,2023-10-13,52.6,3.101,213.43,7.602,0
5,2023-10-20,46.5,3.165,214.381,7.841,0
5,2023-10-27,44.8,3.163,214.315,7.642,0
5,2023-11-03,47.5,3.028,214.018,7.572,0
5,2023-11-10,45.4,3.053,214.151,7.771,0
5,2023-11-17,40.1,3.08,213.391,7.631,0
5,2023-11-24,38.4,3.066,214.224,7.603,1
5,2023-12-01,34.7,3.125,214.46,7.698,0
5,2023-12-08,35.5,3.196,213.84,7.631,0
5,2023-12-15,34.4,3.154,214.369,7.54,0
5,2023-12-22,33.8,3.22,213.413,7.727,0
5,2023-12-29,21.6,3.178,214.646,7.566,1
5,2024-01-05,25.1,3.172,214.696,7.396,0
5,2024-01-12,31.9,3.242,214.08,7.52,0
5,2024-01-19,24.8,3.307,214.708,7.396,0
5,2024-01-26,26.2,3.241,214.926,7.423,0
5,2024-02-02,32.0,3.302,214.24,7.48,0
5,2024-02-09,25.0,3.26,214.667,7.415,1
5,2024-02-16,21.3,3.325,214.147,7.453,0
5,2024-02-23,25.8,3.32,215.338,7.524,0
5,2024-03-01,30.2,3.293,214.592,7.53,0
5,2024-03-08,27.7,3.445,214.477,7.469,0
5,2024-03-15,30.5,3.424,214.696,7.461,0
5,2024-03-22,33.3,3.394,215.084,7.502,0
5,2024-03-29,35.6,3.422,215.227,7.445,0
5,2024-04-05,37.0,3.46,215.547,7.324,0
5,2024-04-12,42.4,3.37,215.153,7.606,0
5,2024-04-19,43.9,3.48,214.97,7.441,0
5,2024-04-26,44.1,3.438,215.101,7.448,0
5,2024-05-03,44.9,3.44,214.83,7.457,0
5,2024-05-10,51.3,3.492,215.578,7.417,0
5,2024-05-17,53.2,3.495,215.311,7.345,0
5,2024-05-24,61.0,3.454,215.188,7.432,0
5,2024-05-31,57.3,3.401,215.775,7.369,0
5,2024-06-07,55.3,3.523,215.676,7.242,0
5,2024-06-14,65.8,3.487,215.535,7.517,0
5,2024-06-21,62.7,3.442,215.39,7.406,0
5,2024-06-28,65.1,3.432,215.401,7.351,0
5,2024-07-05,64.7,3.351,215.247,7.385,0
5,2024-07-12,58.1,3.413,215.595,7.449,0
5,2024-07-19,65.2,3.421,215.669,7.32,0
5,2024-07-26,69.3,3.349,216.137,7.199,0
5,2024-08-02,68.1,3.402,216.086,7.48,0
5,2024-08-09,64.8,3.271,215.64,7.344,0
5,2024-08-16,68.1,3.329,215.651,7.345,0
5,2024-08-23,62.2,3.367,216.895,7.295,0
5,2024-08-30,66.7,3.27,215.545,7.188,0
5,2024-09-06,60.4,3.208,216.655,7.265,1
5,2024-09-13,63.3,3.253,216.136,7.325,0
5,2024-09-20,60.4,3.284,216.179,7.184,0
5,2024-09-27,54.4,3.15,216.21,7.214,0
5,2024-10-04,52.7,3.239,216.354,6.983,0
5,2024-10-11,51.6,3.256,216.504,7.073,0
5,2024-10-18,52.5,3.283,216.671,7.169,0
5,2024-10-25,48.2,3.2,216.628,7.188,0
5,2024-11-01,49.1,3.239,216.784,7.168,0
5,2024-11-08,47.2,3.279,216.347,6.967,0
5,2024-11-15,47.1,3.253,216.124,7.067,0
5,2024-11-22,42.4,3.234,216.535,7.268,0
5,2024-11-29,34.8,3.217,216.802,7.157,1
5,2024-12-06,37.3,3.314,216.848,7.157,0
5,2024-12-13,33.2,3.285,216.87,7.12,0
5,2024-12-20,34.6,3.324,216.901,7.007,0
5,2024-12-27,31.0,3.311,216.996,7.299,1
5,2025-01-03,27.9,3.351,217.309,7.078,0
5,2025-01-10,35.5,3.33,217.135,6.978,0
5,2025-01-17,26.7,3.381,217.342,7.08,0
5,2025-01-24,31.1,3.383,217.038,7.309,0
6,2023-02-03,39.1,3.247,220.706,6.16,0
6,2023-02-10,41.9,3.257,220.612,6.03,1
6,2023-02-17,43.2,3.27,221.015,6.046,0
6,2023-02-24,45.2,3.222,220.809,6.023,0
6,2023-03-03,48.1,3.309,221.197,6.232,0
6,2023-03-10,53.9,3.21,220.844,6.036,0
6,2023-03-17,44.4,3.258,221.026,5.965,0
6,2023-03-24,49.7,3.329,221.31,6.128,0
6,2023-03-31,52.4,3.321,221.852,6.091,0
6,2023-04-07,47.0,3.301,220.743,6.059,0
6,2023-04-14,54.5,3.337,221.919,6.102,0
6,2023-04-21,59.3,3.321,221.066,6.041,0
6,2023-04-28,60.0,3.28,221.362,6.029,0
6,2023-05-05,61.3,3.335,221.304,5.999,0
6,2023-05-12,64.6,3.407,221.84,5.978,0
6,2023-05-19,65.3,3.398,221.749,5.954,0
6,2023-05-26,71.4,3.421,222.003,6.165,0
6,2023-06-02,68.6,3.368,221.669,5.967,0
6,2023-06-09,71.3,3.285,221.743,5.89,0
6,2023-06-16,75.4,3.311,221.436,5.981,0
6,2023-06-23,77.3,3.368,222.471,5.975,0
6,2023-06-30,79.8,3.273,221.48,6.095,0
6,2023-07-07,76.9,3.262,221.904,5.918,0
6,2023-07-14,77.9,3.284,222.334,5.837,0
6,2023-07-21,77.2,3.331,222.163,5.845,0
6,2023-07-28,77.0,3.231,222.049,6.014,0
6,2023-08-04,78.8,3.248,222.318,5.649,0
6,2023-08-11,84.9,3.177,222.265,5.902,0
6,2023-08-18,84.6,3.248,221.502,5.789,0
6,2023-08-25,81.0,3.195,222.409,5.936,0
6,2023-09-01,81.5,3.18,221.762,5.802,0
6,2023-09-08,79.6,3.122,222.555,5.928,1
6,2023-09-15,77.3,3.011,222.032,6.016,0
6,2023-09-22,73.5,3.055,222.836,5.818,0
6,2023-09-29,76.6,3.158,222.653,5.843,0
6,2023-10-06,73.3,3.251,222.857,5.639,0
6,2023-10-13,70.3,3.189,222.976,5.744,0
6,2023-10-20,70.2,3.175,223.437,5.702,0
6,2023-10-27,62.8,3.112,222.569,5.678,0
6,2023-11-03,53.6,3.106,222.876,5.708,0
6,2023-11-10,65.3,3.132,223.203,5.773,0
6,2023-11-17,59.6,3.15,223.276,5.743,0
6,2023-11-24,56.3,3.162,222.829,5.768,1
6,2023-12-01,59.3,3.14,223.091,5.843,0
6,2023-12-08,54.0,3.165,222.301,5.759,0
6,2023-12-15,42.0,3.251,223.116,5.797,0
6,2023-12-22,44.2,3.115,223.194,5.684,0
6,2023-12-29,44.0,3.213,223.996,5.761,1
6,2024-01-05,47.4,3.268,223.659,5.648,0
6,2024-01-12,37.1,3.235,223.509,5.56,0
6,2024-01-19,42.0,3.23,223.766,5.722,0
6,2024-01-26,44.0,3.315,223.354,5.657,0
6,2024-02-02,38.4,3.195,223.461,5.66,0
6,2024-02-09,45.7,3.403,223.937,5.517,1
6,2024-02-16,41.4,3.368,224.275,5.755,0
6,2024-02-23,46.6,3.344,223.301,5.676,0
6,2024-03-01,40.9,3.37,223.581,5.746,0
6,2024-03-08,44.4,3.277,223.817,5.507,0
6,2024-03-15,47.1,3.411,223.633,5.646,0
6,2024-03-22,44.1,3.404,223.971,5.496,0
6,2024-03-29,45.7,3.477,224.153,5.543,0
6,2024-04-05,46.7,3.49,223.368,5.568,0
6,2024-04-12,52.2,3.406,223.783,5.509,0
6,2024-04-19,55.2,3.501,223.832,5.615,0
6,2024-04-26,60.3,3.442,223.756,5.342,0
6,2024-05-03,62.8,3.462,223.354,5.444,0
6,2024-05-10,61.6,3.56,223.605,5.343,0
6,2024-05-17,70.0,3.547,223.942,5.414,0
6,2024-05-24,70.9,3.36,223.657,5.439,0
6,2024-05-31,75.9,3.449,224.296,5.571,0
6,2024-06-07,79.6,3.435,224.311,5.629,0
6,2024-06-14,70.6,3.506,224.06,5.447,0
6,2024-06-21,76.2,3.396,224.121,5.455,0
6,2024-06-28,81.4,3.425,224.487,5.474,0
6,2024-07-05,76.7,3.455,224.761,5.667,0
6,2024-07-12,79.5,3.38,224.796,5.479,0
6,2024-07-19,79.7,3.368,224.778,5.304,0
6,2024-07-26,80.5,3.377,224.964,5.317,0
6,2024-08-02,76.4,3.26,224.338,5.236,0
6,2024-08-09,81.3,3.28,224.555,5.28,0
6,2024-08-16,80.0,3.39,225.014,5.349,0
6,2024-08-23,79.2,3.287,224.964,5.396,0
6,2024-08-30,76.9,3.296,224.306,5.348,0
6,2024-09-06,80.7,3.267,225.511,5.229,1
6,2024-09-13,77.5,3.267,224.986,5.296,0
6,2024-09-20,75.5,3.3,225.479,5.297,0
6,2024-09-27,75.7,3.213,225.345,5.211,0
6,2024-10-04,74.5,3.352,225.129,5.058,0
6,2024-10-11,67.4,3.297,225.382,5.292,0
6,2024-10-18,69.7,3.257,225.631,5.349,0
6,2024-10-25,68.9,3.249,225.587,5.216,0
6,2024-11-01,60.1,3.317,225.43,5.318,0
6,2024-11-08,59.9,3.206,225.419,5.371,0
6,2024-11-15,58.8,3.155,225.401,5.395,0
6,2024-11-22,54.2,3.158,226.084,5.275,0
6,2024-11-29,52.4,3.239,225.89,5.143,1
6,2024-12-06,54.0,3.296,225.689,5.202,0
6,2024-12-13,48.1,3.334,225.406,5.015,0
6,2024-12-20,48.8,3.328,225.86,5.208,0
6,2024-12-27,44.5,3.352,225.752,5.108,1
6,2025-01-03,43.3,3.431,225.295,5.197,0
6,2025-01-10,38.2,3.343,225.736,4.929,0
6,2025-01-17,43.7,3.349,225.286,5.211,0
6,2025-01-24,46.4,3.462,226.073,5.122,0
7,2023-02-03,51.0,3.21,213.557,8.149,0
7,2023-02-10,55.3,3.334,213.667,8.467,1
7,2023-02-17,54.9,3.236,213.639,8.228,0
7,2023-02-24,52.2,3.323,213.987,8.2,0
7,2023-03-03,59.0,3.273,213.727,8.336,0
7,2023-03-10,60.3,3.299,214.098,8.311,0
7,2023-03-17,60.7,3.27,214.373,8.317,0
7,2023-03-24,62.7,3.246,213.528,8.383,0
7,2023-03-31,63.3,3.244,214.137,8.195,0
7,2023-04-07,68.7,3.346,213.936,8.357,0
7,2023-04-14,64.0,3.311,213.866,8.312,0
7,2023-04-21,65.0,3.284,214.222,8.159,0
7,2023-04-28,70.2,3.28,213.821,8.209,0
7,2023-05-05,76.6,3.337,214.572,8.131,0
7,2023-05-12,74.1,3.454,214.188,8.134,0
7,2023-05-19,78.1,3.443,214.615,8.098,0
7,2023-05-26,80.8,3.377,213.929,8.164,0
7,2023-06-02,83.1,3.424,214.637,8.127,0
7,2023-06-09,84.5,3.393,214.149,8.208,0
7,2023-06-16,86.8,3.302,214.088,8.284,0
7,2023-06-23,88.3,3.421,214.271,8.159,0
7,2023-06-30,97.4,3.274,213.906,8.248,0
7,2023-07-07,89.0,3.313,214.349,8.136,0
7,2023-07-14,89.6,3.29,214.71,7.999,0
7,2023-07-21,91.1,3.267,214.196,8.047,0
7,2023-07-28,94.0,3.248,214.594,8.078,0
7,2023-08-04,91.8,3.287,215.156,8.023,0
7,2023-08-11,95.1,3.224,214.885,8.216,0
7,2023-08-18,94.7,3.131,214.961,8.173,0
7,2023-08-25,91.8,3.255,214.668,7.891,0
7,2023-09-01,91.9,3.102,214.853,8.158,0
7,2023-09-08,84.5,3.113,214.665,8.013,1
7,2023-09-15,87.7,3.234,215.311,8.059,0
7,2023-09-22,87.5,3.173,214.816,8.085,0
7,2023-09-29,81.8,3.186,215.481,8.011,0
7,2023-10-06,82.6,3.157,214.317,8.01,0
7,2023-10-13,80.5,3.129,215.437,7.962,0
7,2023-10-20,75.2,3.121,215.295,7.971,0
7,2023-10-27,76.7,3.179,214.999,7.967,0
7,2023-11-03,77.7,3.041,215.429,7.881,0
7,2023-11-10,70.3,3.086,215.374,8.114,0
7,2023-11-17,65.2,3.078,215.084,8.092,0
7,2023-11-24,65.3,3.142,215.404,7.815,1
7,2023-12-01,63.8,3.276,215.993,7.814,0
7,2023-12-08,64.4,3.123,215.092,7.992,0
7,2023-12-15,64.0,3.23,215.534,7.863,0
7,2023-12-22,61.1,3.212,215.607,7.708,0
7,2023-12-29,57.7,3.263,215.416,7.923,1
7,2024-01-05,57.1,3.264,216.087,7.78,0
7,2024-01-12,50.2,3.218,216.142,7.785,0
7,2024-01-19,52.3,3.173,216.451,7.912,0
7,2024-01-26,56.2,3.332,216.148,7.795,0
7,2024-02-02,53.3,3.283,216.815,7.865,0
7,2024-02-09,52.5,3.347,215.772,7.95,1
7,2024-02-16,52.4,3.369,216.445,7.828,0
7,2024-02-23,55.4,3.364,216.158,7.722,0
7,2024-03-01,54.7,3.456,216.192,7.691,0
7,2024-03-08,55.8,3.454,216.478,7.816,0
7,2024-03-15,58.0,3.444,216.132,7.724,0
7,2024-03-22,63.4,3.474,216.08,7.654,0
7,2024-03-29,62.8,3.53,215.85,7.757,0
7,2024-04-05,60.4,3.423,216.366,7.678,0
7,2024-04-12,65.1,3.465,216.364,7.563,0
7,2024-04-19,71.3,3.509,216.828,7.545,0
7,2024-04-26,72.3,3.511,216.316,7.69,0
7,2024-05-03,73.4,3.572,217.252,7.513,0
7,2024-05-10,83.7,3.435,217.019,7.767,0
7,2024-05-17,75.6,3.504,216.743,7.715,0
7,2024-05-24,81.6,3.536,216.848,7.633,0
7,2024-05-31,86.4,3.5,217.095,7.573,0
7,2024-06-07,82.0,3.435,216.739,7.708,0
7,2024-06-14,90.0,3.447,217.404,7.756,0
7,2024-06-21,89.5,3.402,217.498,7.603,0
7,2024-06-28,90.6,3.414,216.808,7.453,0
7,2024-07-05,93.4,3.379,218.043,7.481,0
7,2024-07-12,88.7,3.429,217.634,7.586,0
7,2024-07-19,94.9,3.296,217.022,7.462,0
7,2024-07-26,88.0,3.378,216.602,7.427,0
7,2024-08-02,92.2,3.314,217.444,7.58,0
7,2024-08-09,96.3,3.378,217.717,7.539,0
7,2024-08-16,94.1,3.35,217.468,7.49,0
7,2024-08-23,91.5,3.268,217.602,7.51,0
7,2024-08-30,89.5,3.261,217.162,7.607,0
7,2024-09-06,90.5,3.238,217.818,7.444,1
7,2024-09-13,84.5,3.32,217.464,7.449,0
7,2024-09-20,87.2,3.315,217.681,7.36,0
7,2024-09-27,86.8,3.224,218.291,7.469,0
7,2024-10-04,76.4,3.259,218.358,7.617,0
7,2024-10-11,86.4,3.185,218.099,7.377,0
7,2024-10-18,79.2,3.169,217.682,7.372,0
7,2024-10-25,78.9,3.271,218.008,7.295,0
7,2024-11-01,72.9,3.195,218.236,7.537,0
7,2024-11-08,74.5,3.197,217.203,7.233,0
7,2024-11-15,73.3,3.22,217.85,7.564,0
7,2024-11-22,70.5,3.249,218.037,7.376,0
7,2024-11-29,65.2,3.337,218.302,7.452,1
7,2024-12-06,65.9,3.21,218.452,7.34,0
7,2024-12-13,53.0,3.175,217.97,7.413,0
7,2024-12-20,59.2,3.306,218.91,7.223,0
7,2024-12-27,57.2,3.328,218.154,7.342,1
7,2025-01-03,51.3,3.401,218.221,7.533,0
7,2025-01-10,55.0,3.4,218.459,7.316,0
7,2025-01-17,52.6,3.374,218.62,7.231,0
7,2025-01-24,53.6,3.357,219.265,7.291,0
8,2023-02-03,24.0,3.178,219.79,8.116,0
8,2023-02-10,28.7,3.289,219.969,8.11,1
8,2023-02-17,28.3,3.359,219.681,7.86,0
8,2023-02-24,25.6,3.376,220.123,7.894,0
8,2023-03-03,34.0,3.312,220.517,7.762,0
8,2023-03-10,30.7,3.272,219.385,8.013,0
8,2023-03-17,32.1,3.348,220.735,7.862,0
8,2023-03-24,33.4,3.332,220.373,7.83,0
8,2023-03-31,34.7,3.392,220.24,7.673,0
8,2023-04-07,35.0,3.426,220.297,7.791,0
8,2023-04-14,40.3,3.361,220.447,7.721,0
8,2023-04-21,40.6,3.381,220.247,7.904,0
8,2023-04-28,41.8,3.391,220.654,7.886,0
8,2023-05-05,48.3,3.371,220.126,7.82,0
8,2023-05-12,54.1,3.371,220.16,7.768,0
8,2023-05-19,53.3,3.357,220.622,7.859,0
8,2023-05-26,57.7,3.443,220.825,7.704,0
8,2023-06-02,54.5,3.363,220.441,7.673,0
8,2023-06-09,58.0,3.336,220.425,7.746,0
8,2023-06-16,64.7,3.36,221.418,7.784,0
8,2023-06-23,62.0,3.34,220.804,7.801,0
8,2023-06-30,70.6,3.285,221.034,7.768,0
8,2023-07-07,60.9,3.352,221.207,7.651,0
8,2023-07-14,66.6,3.213,220.499,7.832,0
8,2023-07-21,65.9,3.228,220.996,7.665,0
8,2023-07-28,66.4,3.305,220.628,7.617,0
8,2023-08-04,68.4,3.3,221.398,7.631,0
8,2023-08-11,70.6,3.197,221.625,7.574,0
8,2023-08-18,71.3,3.187,221.731,7.736,0
8,2023-08-25,63.6,3.179,221.411,7.772,0
8,2023-09-01,65.4,3.193,221.454,7.67,0
8,2023-09-08,60.5,3.136,221.347,7.769,1
8,2023-09-15,67.7,3.204,221.413,7.712,0
8,2023-09-22,59.2,3.146,221.129,7.502,0
8,2023-09-29,60.3,3.154,221.633,7.672,0
8,2023-10-06,57.9,3.165,221.464,7.648,0
8,2023-10-13,52.8,3.15,221.727,7.53,0
8,2023-10-20,52.9,3.097,221.419,7.475,0
8,2023-10-27,54.1,3.18,221.788,7.774,0
8,2023-11-03,47.4,3.28,221.608,7.593,0
8,2023-11-10,44.3,3.15,221.977,7.546,0
8,2023-11-17,48.5,3.148,221.858,7.456,0
8,2023-11-24,42.1,3.137,221.644,7.459,1
8,2023-12-01,46.6,3.14,221.44,7.457,0
8,2023-12-08,36.4,3.192,222.093,7.585,0
8,2023-12-15,32.7,3.195,221.714,7.445,0
8,2023-12-22,30.2,3.133,222.346,7.566,0
8,2023-12-29,34.4,3.211,222.31,7.311,1
8,2024-01-05,32.8,3.235,222.315,7.515,0
8,2024-01-12,26.3,3.17,221.963,7.524,0
8,2024-01-19,30.6,3.196,221.932,7.385,0
8,2024-01-26,27.0,3.216,221.85,7.365,0
8,2024-02-02,28.2,3.245,222.292,7.543,0
8,2024-02-09,24.2,3.314,222.684,7.385,1
8,2024-02-16,26.8,3.402,222.335,7.528,0
8,2024-02-23,30.5,3.346,222.621,7.439,0
8,2024-03-01,33.3,3.354,222.539,7.391,0
8,2024-03-08,33.6,3.348,222.882,7.434,0
8,2024-03-15,29.0,3.476,223.297,7.477,0
8,2024-03-22,38.9,3.435,222.178,7.183,0
8,2024-03-29,37.3,3.414,222.452,7.351,0
8,2024-04-05,40.5,3.382,222.642,7.498,0
8,2024-04-12,37.6,3.508,222.681,7.392,0
8,2024-04-19,46.4,3.509,223.149,7.212,0
8,2024-04-26,48.9,3.434,223.005,7.343,0
8,2024-05-03,49.4,3.497,222.724,7.172,0
8,2024-05-10,53.0,3.49,223.372,7.293,0
8,2024-05-17,48.5,3.528,222.966,7.321,0
8,2024-05-24,53.1,3.558,222.864,7.243,0
8,2024-05-31,57.5,3.416,223.276,7.428,0
8,2024-06-07,57.8,3.483,222.402,7.253,0
8,2024-06-14,60.2,3.413,223.601,7.214,0
8,2024-06-21,62.4,3.425,222.752,7.124,0
8,2024-06-28,67.3,3.326,223.147,7.187,0
8,2024-07-05,70.9,3.456,223.26,7.348,0
8,2024-07-12,64.4,3.454,223.069,7.314,0
8,2024-07-19,66.1,3.336,223.462,7.225,0
8,2024-07-26,66.3,3.4,223.402,7.249,0
8,2024-08-02,69.3,3.353,223.494,7.192,0
8,2024-08-09,69.4,3.443,223.959,7.265,0
8,2024-08-16,76.6,3.35,223.872,7.227,0
8,2024-08-23,63.6,3.287,223.625,7.212,0
8,2024-08-30,65.1,3.301,224.153,7.223,0
8,2024-09-06,63.9,3.247,224.217,7.204,1
8,2024-09-13,58.1,3.253,223.976,7.195,0
8,2024-09-20,63.9,3.272,224.152,7.114,0
8,2024-09-27,57.3,3.235,224.032,7.094,0
8,2024-10-04,51.6,3.221,224.094,7.059,0
8,2024-10-11,54.3,3.26,223.803,6.914,0
8,2024-10-18,51.7,3.271,224.683,7.145,0
8,2024-10-25,45.9,3.219,224.304,7.075,0
8,2024-11-01,49.5,3.186,224.296,7.089,0
8,2024-11-08,48.0,3.195,224.223,6.767,0
8,2024-11-15,41.3,3.214,224.071,7.044,0
8,2024-11-22,40.7,3.135,224.491,6.924,0
8,2024-11-29,40.1,3.193,224.486,6.979,1
8,2024-12-06,37.5,3.275,224.45,6.843,0
8,2024-12-13,30.2,3.253,224.574,6.926,0
8,2024-12-20,34.8,3.283,224.337,6.949,0
8,2024-12-27,32.1,3.329,225.24,6.9,1
8,2025-01-03,30.0,3.352,224.72,6.907,0
8,2025-01-10,24.6,3.323,224.455,6.774,0
8,2025-01-17,26.1,3.316,225.002,6.997,0
8,2025-01-24,25.4,3.375,224.319,6.878,0
9,2023-02-03,56.1,3.124,218.09,7.176,0
9,2023-02-10,58.1,3.245,218.502,6.876,1
9,2023-02-17,47.5,3.246,218.457,6.975,0
9,2023-02-24,54.5,3.265,218.898,7.089,0
9,2023-03-03,58.9,3.278,218.63,7.172,0
9,2023-03-10,53.6,3.436,218.827,7.093,0
9,2023-03-17,59.6,3.405,219.002,6.885,0
9,2023-03-24,63.9,3.309,218.847,6.907,0
9,2023-03-31,63.2,3.307,218.894,6.997,0
9,2023-04-07,69.4,3.45,218.928,7.022,0
9,2023-04-14,64.8,3.416,218.866,6.963,0
9,2023-04-21,71.1,3.341,219.003,6.837,0
9,2023-04-28,72.7,3.47,219.281,7.132,0
9,2023-05-05,70.4,3.388,218.831,6.953,0
9,2023-05-12,77.7,3.382,218.741,6.834,0
9,2023-05-19,73.6,3.4,219.834,7.092,0
9,2023-05-26,74.4,3.443,219.545,6.791,0
9,2023-06-02,81.3,3.422,219.48,6.804,0
9,2023-06-09,86.2,3.253,219.298,7.039,0
9,2023-06-16,86.3,3.325,219.681,7.013,0
9,2023-06-23,91.9,3.383,219.789,6.979,0
9,2023-06-30,90.2,3.332,219.443,6.774,0
9,2023-07-07,87.8,3.3,219.637,7.029,0
9,2023-07-14,91.5,3.349,219.938,6.852,0
9,2023-07-21,94.2,3.272,220.061,6.929,0
9,2023-07-28,89.2,3.276,220.209,6.837,0
9,2023-08-04,94.3,3.279,219.453,6.896,0
9,2023-08-11,88.6,3.205,220.137,6.871,0
9,2023-08-18,91.5,3.242,219.846,6.827,0
9,2023-08-25,93.6,3.168,219.927,6.784,0
9,2023-09-01,85.9,3.144,220.435,6.844,0
9,2023-09-08,85.5,3.1,219.981,6.951,1
9,2023-09-15,87.4,3.23,220.17,6.832,0
9,2023-09-22,82.2,3.201,220.014,6.862,0
9,2023-09-29,81.9,3.153,220.27,6.75,0
9,2023-10-06,83.5,3.124,220.02,6.916,0
9,2023-10-13,83.2,3.094,220.435,6.671,0
9,2023-10-20,74.2,3.18,219.803,6.828,0
9,2023-10-27,74.6,3.117,220.487,6.783,0
9,2023-11-03,70.5,3.164,220.448,6.59,0
9,2023-11-10,70.0,3.2,220.967,6.777,0
9,2023-11-17,64.6,3.161,220.77,6.768,0
9,2023-11-24,68.2,3.162,220.543,6.625,1
9,2023-12-01,58.0,3.17,220.67,6.731,0
9,2023-12-08,57.6,3.197,221.281,6.673,0
9,2023-12-15,59.5,3.193,221.324,6.553,0
9,2023-12-22,58.6,3.153,220.6,6.64,0
9,2023-12-29,60.5,3.299,220.949,6.598,1
9,2024-01-05,62.7,3.205,220.693,6.448,0
9,2024-01-12,58.5,3.293,221.64,6.476,0
9,2024-01-19,57.9,3.268,221.206,6.441,0
9,2024-01-26,57.5,3.323,221.003,6.66,0
9,2024-02-02,50.7,3.275,220.925,6.4,0
9,2024-02-09,55.7,3.384,220.904,6.61,1
9,2024-02-16,52.7,3.36,220.976,6.477,0
9,2024-02-23,57.4,3.36,221.821,6.56,0
9,2024-03-01,52.5,3.443,221.454,6.618,0
9,2024-03-08,60.1,3.367,221.276,6.518,0
9,2024-03-15,54.1,3.402,221.765,6.549,0
9,2024-03-22,55.7,3.352,221.914,6.506,0
9,2024-03-29,59.7,3.43,221.021,6.648,0
9,2024-04-05,62.5,3.523,221.53,6.638,0
9,2024-04-12,66.6,3.507,221.78,6.548,0
9,2024-04-19,69.2,3.46,222.189,6.385,0
9,2024-04-26,70.6,3.478,221.785,6.422,0
9,2024-05-03,73.9,3.472,221.24,6.456,0
9,2024-05-10,72.1,3.394,221.806,6.494,0
9,2024-05-17,79.3,3.508,221.235,6.299,0
9,2024-05-24,86.0,3.424,222.048,6.357,0
9,2024-05-31,82.5,3.439,222.083,6.429,0
9,2024-06-07,83.0,3.411,222.045,6.284,0
9,2024-06-14,87.5,3.586,222.419,6.467,0
9,2024-06-21,87.7,3.347,221.668,6.514,0
9,2024-06-28,87.1,3.396,222.065,6.269,0
9,2024-07-05,87.0,3.415,221.897,6.291,0
9,2024-07-12,89.3,3.429,222.145,6.338,0
9,2024-07-19,94.2,3.381,222.181,6.392,0
9,2024-07-26,94.8,3.365,222.339,6.257,0
9,2024-08-02,90.4,3.394,222.498,6.371,0
9,2024-08-09,93.7,3.342,222.623,6.409,0
9,2024-08-16,95.1,3.319,222.881,6.328,0
9,2024-08-23,93.6,3.323,222.589,6.222,0
9,2024-08-30,92.8,3.437,222.452,6.292,0
9,2024-09-06,88.1,3.256,223.078,6.208,1
9,2024-09-13,86.5,3.189,222.437,6.095,0
9,2024-09-20,88.1,3.398,222.604,6.089,0
9,2024-09-27,87.0,3.212,223.154,6.217,0
9,2024-10-04,80.4,3.232,223.042,6.213,0
9,2024-10-11,78.6,3.226,222.483,6.265,0
9,2024-10-18,72.4,3.21,223.142,6.246,0
9,2024-10-25,77.1,3.228,223.315,6.298,0
9,2024-11-01,74.3,3.278,223.24,6.151,0
9,2024-11-08,66.5,3.256,223.228,6.294,0
9,2024-11-15,65.4,3.195,223.252,6.168,0
9,2024-11-22,60.2,3.267,222.609,6.071,0
9,2024-11-29,67.7,3.348,222.85,6.122,1
9,2024-12-06,61.7,3.358,223.117,6.098,0
9,2024-12-13,64.3,3.263,223.531,5.988,0
9,2024-12-20,57.5,3.214,223.048,6.209,0
9,2024-12-27,56.4,3.297,223.19,6.093,1
9,2025-01-03,56.2,3.379,222.677,6.022,0
9,2025-01-10,54.7,3.344,223.635,6.122,0
9,2025-01-17,52.6,3.342,223.491,6.2,0
9,2025-01-24,50.9,3.385,223.669,6.231,0
10,2023-02-03,40.1,3.189,217.019,8.138,0
10,2023-02-10,43.0,3.232,217.239,8.041,1
10,2023-02-17,38.0,3.347,217.165,8.066,0
10,2023-02-24,45.9,3.273,217.441,8.12,0
10,2023-03-03,41.7,3.269,216.903,8.115,0
10,2023-03-10,44.8,3.388,217.394,7.88,0
10,2023-03-17,45.1,3.448,217.678,8.022,0
10,2023-03-24,48.9,3.289,217.062,8.059,0
10,2023-03-31,49.3,3.246,217.173,8.085,0
10,2023-04-07,49.8,3.371,217.204,8.145,0
10,2023-04-14,49.7,3.442,217.103,7.954,0
10,2023-04-21,56.8,3.451,217.762,8.11,0
10,2023-04-28,58.0,3.322,217.571,7.922,0
10,2023-05-05,56.5,3.396,217.431,8.066,0
10,2023-05-12,58.8,3.392,217.671,8.164,0
10,2023-05-19,66.1,3.437,217.641,8.019,0
10,2023-05-26,64.5,3.352,217.839,7.931,0
10,2023-06-02,66.0,3.296,217.266,7.888,0
10,2023-06-09,73.6,3.28,217.608,8.163,0
10,2023-06-16,71.7,3.366,218.261,8.04,0
10,2023-06-23,70.7,3.328,217.632,8.208,0
10,2023-06-30,72.0,3.275,217.856,7.804,0
10,2023-07-07,82.1,3.435,218.075,7.812,0
10,2023-07-14,72.3,3.287,218.173,7.868,0
10,2023-07-21,80.4,3.304,218.415,7.892,0
10,2023-07-28,76.9,3.301,218.372,8.002,0
10,2023-08-04,82.7,3.181,217.988,7.828,0
10,2023-08-11,77.0,3.274,218.573,8.003,0
10,2023-08-18,80.9,3.231,218.878,7.931,0
10,2023-08-25,79.2,3.279,218.603,7.843,0
10,2023-09-01,75.5,3.225,218.989,7.859,0
10,2023-09-08,80.7,3.078,218.651,7.85,1
10,2023-09-15,73.1,3.284,218.698,7.803,0
10,2023-09-22,73.7,3.054,218.54,7.932,0
10,2023-09-29,69.8,3.103,219.211,7.958,0
10,2023-10-06,71.2,3.114,218.796,7.733,0
10,2023-10-13,64.4,3.08,218.733,7.7,0
10,2023-10-20,60.4,3.139,219.038,7.964,0
10,2023-10-27,60.7,3.142,219.112,7.758,0
10,2023-11-03,62.6,3.167,219.166,7.748,0
10,2023-11-10,56.9,3.063,218.876,7.701,0
10,2023-11-17,52.2,3.158,219.527,7.663,0
10,2023-11-24,54.1,3.092,219.126,7.675,1
10,2023-12-01,52.9,3.119,219.571,7.709,0
10,2023-12-08,47.0,3.102,219.394,7.813,0
10,2023-12-15,47.9,3.29,219.797,7.683,0
10,2023-12-22,44.4,3.216,219.167,7.82,0
10,2023-12-29,45.0,3.222,219.674,7.866,1
10,2024-01-05,43.1,3.221,219.971,7.78,0
10,2024-01-12,40.7,3.245,219.627,7.71,0
10,2024-01-19,36.9,3.187,219.352,7.567,0
10,2024-01-26,38.6,3.316,219.617,7.673,0
10,2024-02-02,36.7,3.281,219.894,7.703,0
10,2024-02-09,38.3,3.332,220.428,7.632,1
10,2024-02-16,38.8,3.335,219.846,7.608,0
10,2024-02-23,41.5,3.291,219.579,7.599,0
10,2024-03-01,42.1,3.353,219.865,7.61,0
10,2024-03-08,46.5,3.394,220.088,7.539,0
10,2024-03-15,47.1,3.434,220.278,7.655,0
10,2024-03-22,48.8,3.425,220.141,7.68,0
10,2024-03-29,47.0,3.412,220.172,7.605,0
10,2024-04-05,48.6,3.451,220.14,7.332,0
10,2024-04-12,52.6,3.456,220.17,7.685,0
10,2024-04-19,51.9,3.43,219.484,7.485,0
10,2024-04-26,56.7,3.451,220.65,7.61,0
10,2024-05-03,60.6,3.461,220.676,7.512,0
10,2024-05-10,60.3,3.395,220.286,7.579,0
10,2024-05-17,72.0,3.483,220.238,7.375,0
10,2024-05-24,69.1,3.388,220.683,7.565,0
10,2024-05-31,70.9,3.46,220.737,7.491,0
10,2024-06-07,69.4,3.556,220.512,7.541,0
10,2024-06-14,66.3,3.518,221.109,7.457,0
10,2024-06-21,77.0,3.471,220.525,7.498,0
10,2024-06-28,74.4,3.401,221.106,7.531,0
10,2024-07-05,75.9,3.381,220.624,7.497,0
10,2024-07-12,76.0,3.421,221.092,7.405,0
10,2024-07-19,82.8,3.373,220.854,7.306,0
10,2024-07-26,83.2,3.334,221.073,7.386,0
10,2024-08-02,77.2,3.326,221.433,7.404,0
10,2024-08-09,77.2,3.355,221.024,7.719,0
10,2024-08-16,80.6,3.305,221.544,7.179,0
10,2024-08-23,79.3,3.409,221.133,7.18,0
10,2024-08-30,76.9,3.367,221.331,7.26,0
10,2024-09-06,74.7,3.253,221.376,7.467,1
10,2024-09-13,78.5,3.291,220.918,7.191,0
10,2024-09-20,75.2,3.19,221.3,7.344,0
10,2024-09-27,68.3,3.197,221.39,7.354,0
10,2024-10-04,72.8,3.272,221.49,7.219,0
10,2024-10-11,64.2,3.21,221.641,7.317,0
10,2024-10-18,58.8,3.193,221.929,7.282,0
10,2024-10-25,58.5,3.349,221.609,7.302,0
10,2024-11-01,61.5,3.214,221.45,7.466,0
10,2024-11-08,60.9,3.276,221.891,7.143,0
10,2024-11-15,59.4,3.198,221.853,7.07,0
10,2024-11-22,47.1,3.264,221.575,7.025,0
10,2024-11-29,52.7,3.363,222.285,7.188,1
10,2024-12-06,49.0,3.313,222.255,7.169,0
10,2024-12-13,47.2,3.297,222.134,7.18,0
10,2024-12-20,45.0,3.366,222.381,7.231,0
10,2024-12-27,49.0,3.293,222.555,7.228,1
10,2025-01-03,52.4,3.271,221.911,7.205,0
10,2025-01-10,42.8,3.446,221.967,7.244,0
10,2025-01-17,44.4,3.403,221.93,7.284,0
10,2025-01-24,44.2,3.418,222.329,7.156,0
11,2023-02-03,37.8,3.148,221.948,6.341,0
11,2023-02-10,40.4,3.231,222.374,6.246,1
11,2023-02-17,45.3,3.227,222.144,6.347,0
11,2023-02-24,36.1,3.22,222.618,6.115,0
11,2023-03-03,46.0,3.353,222.263,6.308,0
11,2023-03-10,47.2,3.272,222.684,6.201,0
11,2023-03-17,43.9,3.272,222.577,6.374,0
11,2023-03-24,46.5,3.263,222.199,6.288,0
11,2023-03-31,54.5,3.359,222.458,6.315,0
11,2023-04-07,50.3,3.332,222.336,6.369,0
11,2023-04-14,45.6,3.4,222.535,6.178,0
11,2023-04-21,60.6,3.332,222.52,6.196,0
11,2023-04-28,59.2,3.351,222.302,6.112,0
11,2023-05-05,64.2,3.38,222.959,6.162,0
11,2023-05-12,60.8,3.461,222.817,6.134,0
11,2023-05-19,68.4,3.34,222.746,6.17,0
11,2023-05-26,67.4,3.385,223.601,6.192,0
11,2023-06-02,62.5,3.383,223.035,6.153,0
11,2023-06-09,72.4,3.358,223.058,6.2,0
11,2023-06-16,72.0,3.303,224.031,6.057,0
11,2023-06-23,75.6,3.265,223.209,6.025,0
11,2023-06-30,75.5,3.379,223.366,6.165,0
11,2023-07-07,72.7,3.406,222.916,6.251,0
11,2023-07-14,82.1,3.328,223.067,6.104,0
11,2023-07-21,78.3,3.285,223.299,5.875,0
11,2023-07-28,83.6,3.264,223.279,6.013,0
11,2023-08-04,81.4,3.207,222.797,6.099,0
11,2023-08-11,81.7,3.226,223.18,6.057,0
11,2023-08-18,75.4,3.169,223.349,6.123,0
11,2023-08-25,78.0,3.182,224.21,6.064,0
11,2023-09-01,79.1,3.172,223.495,5.8,0
11,2023-09-08,79.7,3.199,223.67,5.995,1
11,2023-09-15,77.5,3.087,223.597,5.885,0
11,2023-09-22,78.9,3.198,223.163,5.837,0
11,2023-09-29,71.3,3.121,223.477,6.173,0
11,2023-10-06,70.6,3.161,223.716,6.041,0
11,2023-10-13,66.3,3.118,224.157,5.796,0
11,2023-10-20,69.9,3.137,224.408,5.841,0
11,2023-10-27,60.0,3.069,224.149,5.945,0
11,2023-11-03,58.9,3.077,223.744,5.924,0
11,2023-11-10,56.5,3.097,224.638,5.91,0
11,2023-11-17,59.4,3.11,224.297,5.903,0
11,2023-11-24,48.2,3.215,224.233,5.973,1
11,2023-12-01,48.8,3.145,224.064,6.012,0
11,2023-12-08,49.9,3.183,224.781,5.994,0
11,2023-12-15,49.4,3.107,224.215,5.768,0
11,2023-12-22,47.6,3.201,224.057,5.84,0
11,2023-12-29,39.4,3.206,224.027,5.901,1
11,2024-01-05,43.8,3.322,224.828,5.796,0
11,2024-01-12,44.1,3.175,224.335,5.862,0
11,2024-01-19,34.4,3.262,224.368,5.829,0
11,2024-01-26,37.3,3.305,224.73,5.949,0
11,2024-02-02,40.4,3.266,224.7,5.664,0
11,2024-02-09,41.7,3.354,225.565,5.726,1
11,2024-02-16,40.1,3.315,224.938,5.817,0
11,2024-02-23,41.5,3.418,224.739,5.867,0
11,2024-03-01,44.2,3.381,224.879,6.001,0
11,2024-03-08,41.4,3.414,224.799,5.927,0
11,2024-03-15,48.0,3.382,225.228,5.764,0
11,2024-03-22,45.5,3.468,225.241,5.75,0
11,2024-03-29,48.9,3.465,225.243,5.724,0
11,2024-04-05,49.1,3.54,224.909,5.751,0
11,2024-04-12,52.3,3.552,225.003,5.625,0
11,2024-04-19,52.6,3.488,224.912,5.641,0
11,2024-04-26,51.5,3.489,225.224,5.53,0
11,2024-05-03,63.6,3.415,225.663,5.598,0
11,2024-05-10,67.6,3.518,225.172,5.567,0
11,2024-05-17,66.9,3.467,225.473,5.776,0
11,2024-05-24,65.2,3.481,225.86,5.719,0
11,2024-05-31,69.2,3.456,225.102,5.523,0
11,2024-06-07,72.7,3.457,225.696,5.722,0
11,2024-06-14,70.0,3.442,225.781,5.538,0
11,2024-06-21,79.6,3.489,225.861,5.778,0
11,2024-06-28,72.3,3.431,225.934,5.497,0
11,2024-07-05,78.9,3.362,226.081,5.684,0
11,2024-07-12,79.9,3.311,225.634,5.625,0
11,2024-07-19,79.8,3.253,226.347,5.572,0
11,2024-07-26,77.7,3.422,225.821,5.48,0
11,2024-08-02,81.4,3.445,226.561,5.575,0
11,2024-08-09,81.6,3.379,225.747,5.593,0
11,2024-08-16,77.6,3.34,226.106,5.569,0
11,2024-08-23,79.4,3.155,226.278,5.573,0
11,2024-08-30,79.4,3.289,226.767,5.53,0
11,2024-09-06,78.1,3.333,226.433,5.399,1
11,2024-09-13,68.0,3.245,226.602,5.443,0
11,2024-09-20,76.0,3.265,226.81,5.439,0
11,2024-09-27,73.1,3.274,226.924,5.288,0
11,2024-10-04,68.3,3.284,226.988,5.473,0
11,2024-10-11,66.6,3.274,226.835,5.403,0
11,2024-10-18,66.1,3.291,227.191,5.503,0
11,2024-10-25,62.9,3.228,226.841,5.407,0
11,2024-11-01,60.9,3.179,227.113,5.295,0
11,2024-11-08,56.6,3.24,227.371,5.356,0
11,2024-11-15,53.6,3.213,227.322,5.107,0
11,2024-11-22,50.2,3.384,227.051,5.268,0
11,2024-11-29,50.9,3.261,227.178,5.553,1
11,2024-12-06,50.1,3.242,227.21,5.289,0
11,2024-12-13,44.0,3.194,226.554,5.259,0
11,2024-12-20,41.8,3.312,226.714,5.024,0
11,2024-12-27,40.7,3.289,226.942,5.481,1
11,2025-01-03,40.8,3.374,227.168,5.314,0
11,2025-01-10,39.1,3.346,226.994,5.326,0
11,2025-01-17,40.2,3.321,227.572,5.341,0
11,2025-01-24,39.1,3.395,227.299,5.202,0
12,2023-02-03,20.3,3.182,211.295,7.007,0
12,2023-02-10,32.9,3.264,211.566,7.146,1
12,2023-02-17,31.3,3.201,210.457,7.012,0
12,2023-02-24,28.2,3.267,211.358,7.179,0
12,2023-03-03,28.6,3.318,211.043,6.927,0
12,2023-03-10,33.6,3.3,211.188,6.964,0
12,2023-03-17,28.3,3.276,211.04,6.866,0
12,2023-03-24,31.3,3.297,211.807,7.036,0
12,2023-03-31,34.6,3.302,211.489,7.033,0
12,2023-04-07,38.0,3.346,211.899,6.987,0
12,2023-04-14,40.5,3.336,211.081,7.003,0
12,2023-04-21,42.6,3.396,211.802,6.932,0
12,2023-04-28,40.4,3.4,211.853,6.9,0
12,2023-05-05,48.5,3.332,211.6,7.11,0
12,2023-05-12,50.2,3.359,211.911,6.952,0
12,2023-05-19,41.7,3.33,211.86,6.891,0
12,2023-05-26,53.0,3.429,211.829,6.811,0
12,2023-06-02,55.5,3.35,211.928,6.877,0
12,2023-06-09,63.3,3.247,211.908,6.896,0
12,2023-06-16,56.1,3.395,212.319,6.882,0
12,2023-06-23,59.3,3.334,212.094,6.869,0
12,2023-06-30,61.1,3.34,212.401,6.743,0
12,2023-07-07,59.7,3.226,212.485,6.882,0
12,2023-07-14,65.4,3.228,212.81,6.786,0
12,2023-07-21,65.1,3.327,212.029,6.782,0
12,2023-07-28,65.6,3.411,212.465,6.987,0
12,2023-08-04,68.8,3.27,212.128,6.923,0
12,2023-08-11,60.5,3.316,212.535,6.542,0
12,2023-08-18,63.6,3.253,212.454,6.868,0
12,2023-08-25,61.3,3.14,212.554,6.79,0
12,2023-09-01,61.8,3.252,212.37,6.808,0
12,2023-09-08,61.8,3.099,212.279,6.768,1
12,2023-09-15,66.1,3.193,212.207,6.445,0
12,2023-09-22,60.6,3.149,213.117,6.658,0
12,2023-09-29,57.6,3.187,212.691,6.694,0
12,2023-10-06,54.6,3.164,212.871,6.824,0
12,2023-10-13,50.9,3.065,213.518,6.656,0
12,2023-10-20,48.3,3.125,212.995,6.668,0
12,2023-10-27,47.5,3.125,213.077,6.461,0
12,2023-11-03,50.8,3.121,213.249,6.549,0
12,2023-11-10,41.4,3.097,213.566,6.618,0
12,2023-11-17,42.7,3.104,213.039,6.642,0
12,2023-11-24,41.9,3.049,212.83,6.462,1
12,2023-12-01,32.6,3.113,212.791,6.573,0
12,2023-12-08,27.8,3.114,213.685,6.677,0
12,2023-12-15,32.5,3.128,212.914,6.513,0
12,2023-12-22,30.1,3.236,213.696,6.68,0
12,2023-12-29,26.5,3.21,213.379,6.586,1
12,2024-01-05,33.6,3.138,213.455,6.718,0
12,2024-01-12,22.1,3.213,213.416,6.564,0
12,2024-01-19,21.0,3.294,213.825,6.627,0
12,2024-01-26,22.7,3.288,213.405,6.533,0
12,2024-02-02,31.6,3.309,213.369,6.575,0
12,2024-02-09,21.3,3.264,213.463,6.502,1
12,2024-02-16,28.6,3.373,213.982,6.427,0
12,2024-02-23,24.9,3.377,213.686,6.499,0
12,2024-03-01,28.8,3.364,213.993,6.676,0
12,2024-03-08,28.2,3.458,214.143,6.36,0
12,2024-03-15,26.9,3.374,213.769,6.487,0
12,2024-03-22,33.8,3.493,214.167,6.442,0
12,2024-03-29,27.6,3.447,214.133,6.495,0
12,2024-04-05,42.2,3.517,214.41,6.37,0
12,2024-04-12,36.6,3.46,213.992,6.507,0
12,2024-04-19,41.5,3.417,214.634,6.457,0
12,2024-04-26,37.6,3.474,214.409,6.534,0
12,2024-05-03,44.2,3.521,214.431,6.295,0
12,2024-05-10,43.3,3.537,214.784,6.449,0
12,2024-05-17,54.5,3.532,214.68,6.315,0
12,2024-05-24,57.5,3.503,214.409,6.33,0
12,2024-05-31,55.2,3.387,214.785,6.291,0
12,2024-06-07,57.7,3.437,214.546,6.301,0
12,2024-06-14,58.0,3.549,215.09,6.402,0
12,2024-06-21,60.1,3.486,215.064,6.274,0
12,2024-06-28,61.4,3.34,215.112,6.553,0
12,2024-07-05,63.1,3.311,215.008,6.246,0
12,2024-07-12,61.9,3.435,214.951,6.278,0
12,2024-07-19,62.7,3.394,214.802,6.206,0
12,2024-07-26,64.0,3.389,214.922,6.165,0
12,2024-08-02,68.1,3.219,214.891,6.235,0
12,2024-08-09,65.5,3.368,215.413,6.215,0
12,2024-08-16,66.4,3.334,214.612,6.467,0
12,2024-08-23,59.6,3.33,215.292,6.294,0
12,2024-08-30,61.4,3.336,214.757,6.25,0
12,2024-09-06,59.9,3.247,215.404,6.354,1
12,2024-09-13,59.1,3.308,215.34,6.147,0
12,2024-09-20,57.7,3.243,215.166,6.269,0
12,2024-09-27,57.2,3.169,214.93,6.259,0
12,2024-10-04,52.0,3.256,215.709,6.079,0
12,2024-10-11,48.0,3.319,215.63,6.155,0
12,2024-10-18,47.2,3.207,215.218,6.275,0
12,2024-10-25,45.3,3.286,215.505,6.072,0
12,2024-11-01,43.9,3.101,215.639,6.15,0
12,2024-11-08,45.2,3.141,216.074,6.239,0
12,2024-11-15,44.2,3.238,216.079,5.999,0
12,2024-11-22,40.2,3.209,215.33,6.024,0
12,2024-11-29,35.9,3.216,215.988,5.946,1
12,2024-12-06,27.4,3.337,216.196,6.012,0
12,2024-12-13,31.9,3.333,216.101,6.121,0
12,2024-12-20,33.5,3.26,216.034,6.095,0
12,2024-12-27,27.9,3.293,216.097,6.09,1
12,2025-01-03,24.3,3.37,215.832,6.055,0
12,2025-01-10,25.6,3.367,215.539,6.156,0
12,2025-01-17,23.7,3.429,216.082,6.052,0
12,2025-01-24,31.1,3.374,216.647,6.05,0
13,2023-02-03,39.2,3.151,213.668,6.44,0
13,2023-02-10,40.8,3.256,214.301,6.323,1
13,2023-02-17,39.7,3.168,214.569,6.441,0
13,2023-02-24,44.0,3.192,214.009,6.451,0
13,2023-03-03,42.8,3.331,214.753,6.296,0
13,2023-03-10,41.8,3.251,214.591,6.485,0
13,2023-03-17,45.9,3.313,213.915,6.459,0
13,2023-03-24,46.9,3.313,214.392,6.342,0
13,2023-03-31,49.2,3.34,214.498,6.515,0
13,2023-04-07,53.7,3.391,214.25,6.27,0
13,2023-04-14,56.2,3.369,213.933,6.298,0
13,2023-04-21,56.3,3.342,214.854,6.368,0
13,2023-04-28,63.0,3.386,214.484,6.217,0
13,2023-05-05,61.3,3.377,214.099,6.246,0
13,2023-05-12,62.7,3.398,214.698,6.232,0
13,2023-05-19,67.5,3.367,213.749,6.232,0
13,2023-05-26,71.6,3.288,214.693,6.429,0
13,2023-06-02,68.3,3.367,214.318,6.423,0
13,2023-06-09,72.4,3.362,215.166,6.317,0
13,2023-06-16,71.9,3.318,214.958,6.178,0
13,2023-06-23,69.9,3.337,214.416,6.392,0
13,2023-06-30,78.3,3.282,214.7,6.031,0
13,2023-07-07,75.7,3.365,215.629,6.283,0
13,2023-07-14,79.7,3.278,214.723,6.406,0
13,2023-07-21,80.1,3.39,215.478,6.016,0
13,2023-07-28,79.1,3.235,215.086,6.174,0
13,2023-08-04,90.3,3.198,215.228,6.232,0
13,2023-08-11,81.1,3.241,214.896,6.171,0
13,2023-08-18,82.2,3.236,215.431,6.292,0
13,2023-08-25,82.8,3.208,214.958,6.08,0
13,2023-09-01,78.3,3.203,215.216,6.037,0
13,2023-09-08,74.2,3.094,215.339,5.973,1
13,2023-09-15,73.3,3.145,215.059,6.148,0
13,2023-09-22,76.8,3.126,215.378,6.154,0
13,2023-09-29,70.5,3.105,215.919,6.179,0
13,2023-10-06,72.4,3.183,215.016,6.216,0
13,2023-10-13,69.6,3.182,215.776,6.075,0
13,2023-10-20,65.2,3.147,215.616,6.147,0
13,2023-10-27,58.9,3.1,216.373,5.988,0
13,2023-11-03,60.6,3.084,215.91,5.967,0
13,2023-11-10,58.3,3.174,215.65,6.109,0
13,2023-11-17,59.0,3.189,215.952,6.345,0
13,2023-11-24,57.4,3.16,215.697,6.001,1
13,2023-12-01,56.3,3.239,216.453,6.079,0
13,2023-12-08,46.2,3.189,215.687,5.842,0
13,2023-12-15,48.7,3.204,216.381,6.03,0
13,2023-12-22,47.9,3.143,216.128,5.82,0
13,2023-12-29,38.8,3.246,215.984,6.048,1
13,2024-01-05,46.9,3.195,216.437,5.884,0
13,2024-01-12,37.0,3.251,216.168,5.896,0
13,2024-01-19,47.8,3.188,216.474,5.831,0
13,2024-01-26,44.2,3.299,216.523,5.826,0
13,2024-02-02,39.0,3.35,216.991,5.958,0
13,2024-02-09,38.7,3.341,217.238,5.911,1
13,2024-02-16,46.3,3.307,216.547,5.952,0
13,2024-02-23,43.8,3.325,216.367,5.979,0
13,2024-03-01,47.2,3.457,217.201,5.884,0
13,2024-03-08,43.9,3.467,216.923,5.762,0
13,2024-03-15,43.2,3.44,216.706,5.848,0
13,2024-03-22,51.2,3.468,217.209,5.647,0
13,2024-03-29,50.7,3.478,216.402,5.765,0
13,2024-04-05,49.5,3.456,217.398,6.023,0
13,2024-04-12,51.8,3.491,217.127,5.849,0
13,2024-04-19,57.7,3.487,217.516,5.911,0
13,2024-04-26,55.7,3.517,217.327,5.822,0
13,2024-05-03,64.7,3.489,217.17,5.793,0
13,2024-05-10,57.6,3.477,216.959,5.652,0
13,2024-05-17,70.4,3.505,217.201,5.704,0
13,2024-05-24,69.3,3.526,217.011,5.75,0
13,2024-05-31,73.2,3.374,217.292,5.697,0
13,2024-06-07,72.2,3.438,217.401,5.923,0
13,2024-06-14,73.6,3.469,218.008,5.665,0
13,2024-06-21,81.7,3.444,217.994,5.785,0
13,2024-06-28,78.7,3.428,217.322,5.708,0
13,2024-07-05,81.7,3.417,217.465,5.665,0
13,2024-07-12,83.0,3.464,217.409,5.614,0
13,2024-07-19,81.8,3.464,218.003,5.545,0
13,2024-07-26,80.3,3.326,217.629,5.821,0
13,2024-08-02,77.0,3.275,217.511,5.679,0
13,2024-08-09,83.0,3.362,218.162,5.464,0
13,2024-08-16,84.3,3.308,218.079,5.498,0
13,2024-08-23,80.0,3.321,218.256,5.462,0
13,2024-08-30,79.1,3.24,218.111,5.688,0
13,2024-09-06,81.6,3.254,218.288,5.736,1
13,2024-09-13,71.3,3.299,218.347,5.565,0
13,2024-09-20,70.9,3.305,217.75,5.563,0
13,2024-09-27,72.5,3.284,217.972,5.502,0
13,2024-10-04,70.9,3.292,218.896,5.41,0
13,2024-10-11,69.3,3.181,218.565,5.457,0
13,2024-10-18,64.0,3.203,218.287,5.573,0
13,2024-10-25,65.1,3.231,217.961,5.603,0
13,2024-11-01,61.1,3.29,218.197,5.36,0
13,2024-11-08,58.8,3.3,218.508,5.49,0
13,2024-11-15,53.9,3.328,218.201,5.428,0
13,2024-11-22,55.9,3.155,218.942,5.553,0
13,2024-11-29,54.7,3.285,218.561,5.374,1
13,2024-12-06,49.5,3.22,218.805,5.551,0
13,2024-12-13,52.5,3.3,218.987,5.431,0
13,2024-12-20,44.9,3.32,218.644,5.477,0
13,2024-12-27,41.6,3.269,219.0,5.529,1
13,2025-01-03,40.6,3.364,218.7,5.432,0
13,2025-01-10,46.8,3.389,219.148,5.611,0
13,2025-01-17,39.8,3.319,218.743,5.385,0
13,2025-01-24,34.4,3.378,218.846,5.479,0
14,2023-02-03,50.2,3.162,210.737,6.537,0
14,2023-02-10,44.9,3.183,210.957,6.655,1
14,2023-02-17,47.1,3.179,211.036,6.782,0
14,2023-02-24,50.6,3.26,210.572,6.667,0
14,2023-03-03,49.1,3.258,211.107,6.862,0
14,2023-03-10,54.0,3.246,211.338,6.773,0
14,2023-03-17,50.7,3.354,211.137,6.558,0
14,2023-03-24,56.2,3.337,211.166,6.685,0
14,2023-03-31,54.5,3.37,211.272,6.696,0
14,2023-04-07,59.8,3.293,211.066,6.448,0
14,2023-04-14,62.7,3.3,211.424,6.696,0
14,2023-04-21,65.1,3.307,211.415,6.816,0
14,2023-04-28,70.8,3.422,211.586,6.539,0
14,2023-05-05,70.2,3.368,211.703,6.566,0
14,2023-05-12,70.0,3.385,211.659,6.669,0
14,2023-05-19,71.1,3.308,212.122,6.858,0
14,2023-05-26,76.5,3.306,211.453,6.65,0
14,2023-06-02,81.4,3.306,211.697,6.609,0
14,2023-06-09,82.0,3.342,211.315,6.641,0
14,2023-06-16,84.7,3.346,211.956,6.522,0
14,2023-06-23,80.5,3.391,212.001,6.608,0
14,2023-06-30,89.0,3.274,211.769,6.565,0
14,2023-07-07,84.1,3.353,211.928,6.44,0
14,2023-07-14,87.0,3.308,212.315,6.568,0
14,2023-07-21,88.9,3.3,212.028,6.448,0
14,2023-07-28,88.8,3.251,212.642,6.643,0
14,2023-08-04,90.0,3.271,212.158,6.373,0
14,2023-08-11,87.3,3.241,212.303,6.536,0
14,2023-08-18,90.2,3.185,212.08,6.624,0
14,2023-08-25,89.1,3.185,212.302,6.459,0
14,2023-09-01,85.9,3.214,213.145,6.478,0
14,2023-09-08,86.5,3.092,212.289,6.572,1
14,2023-09-15,84.2,2.945,212.687,6.631,0
14,2023-09-22,75.3,3.23,211.703,6.523,0
14,2023-09-29,79.4,3.027,212.718,6.534,0
14,2023-10-06,78.4,3.166,212.511,6.223,0
14,2023-10-13,77.2,3.219,213.024,6.2,0
14,2023-10-20,68.3,3.086,212.257,6.394,0
14,2023-10-27,71.7,3.056,213.018,6.439,0
14,2023-11-03,66.4,3.119,212.25,6.336,0
14,2023-11-10,65.7,3.14,212.998,6.384,0
14,2023-11-17,62.5,3.151,213.235,6.34,0
14,2023-11-24,61.9,3.134,212.791,6.391,1
14,2023-12-01,57.1,3.172,213.043,6.299,0
14,2023-12-08,55.7,3.139,212.591,6.357,0
14,2023-12-15,55.5,3.22,212.975,6.499,0
14,2023-12-22,52.0,3.149,212.887,6.126,0
14,2023-12-29,56.2,3.277,213.415,6.2,1
14,2024-01-05,55.8,3.209,213.204,6.423,0
14,2024-01-12,51.3,3.355,213.409,6.229,0
14,2024-01-19,46.8,3.172,213.301,6.374,0
14,2024-01-26,50.0,3.285,213.136,6.272,0
14,2024-02-02,51.1,3.326,213.535,6.159,0
14,2024-02-09,50.8,3.167,213.649,6.486,1
14,2024-02-16,44.1,3.332,213.582,6.173,0
14,2024-02-23,52.5,3.387,213.68,6.289,0
14,2024-03-01,50.4,3.541,213.73,6.219,0
14,2024-03-08,46.5,3.372,214.079,6.056,0
14,2024-03-15,46.6,3.417,214.196,6.183,0
14,2024-03-22,53.8,3.337,213.97,6.235,0
14,2024-03-29,51.4,3.5,214.114,6.272,0
14,2024-04-05,60.5,3.488,214.091,6.236,0
14,2024-04-12,55.5,3.389,213.764,6.126,0
14,2024-04-19,64.4,3.488,214.37,6.244,0
14,2024-04-26,63.0,3.489,213.83,6.1,0
14,2024-05-03,69.0,3.31,214.858,6.166,0
14,2024-05-10,68.7,3.577,214.08,6.112,0
14,2024-05-17,71.4,3.562,214.203,6.104,0
14,2024-05-24,78.8,3.506,214.268,6.19,0
14,2024-05-31,85.0,3.487,214.37,6.086,0
14,2024-06-07,83.4,3.433,214.301,5.905,0
14,2024-06-14,77.8,3.428,214.418,6.226,0
14,2024-06-21,84.6,3.398,214.266,6.177,0
14,2024-06-28,87.9,3.433,214.402,6.142,0
14,2024-07-05,82.8,3.437,215.266,6.04,0
14,2024-07-12,84.4,3.424,214.494,5.87,0
14,2024-07-19,89.6,3.444,214.591,5.961,0
14,2024-07-26,85.0,3.365,214.566,5.888,0
14,2024-08-02,93.7,3.379,214.956,6.067,0
14,2024-08-09,90.2,3.319,214.916,5.942,0
14,2024-08-16,88.8,3.341,214.77,5.826,0
14,2024-08-23,87.2,3.299,214.368,6.0,0
14,2024-08-30,88.7,3.421,214.867,5.885,0
14,2024-09-06,81.2,3.291,215.095,5.848,1
14,2024-09-13,82.5,3.17,215.363,5.842,0
14,2024-09-20,81.2,3.186,214.96,5.881,0
14,2024-09-27,79.4,3.273,215.616,5.972,0
14,2024-10-04,80.2,3.313,215.406,5.885,0
14,2024-10-11,78.2,3.289,215.479,5.734,0
14,2024-10-18,70.3,3.219,215.569,5.867,0
14,2024-10-25,73.9,3.297,215.744,5.98,0
14,2024-11-01,65.0,3.256,215.252,5.684,0
14,2024-11-08,64.8,3.301,215.623,6.041,0
14,2024-11-15,63.8,3.363,215.588,5.831,0
14,2024-11-22,57.1,3.303,215.434,5.754,0
14,2024-11-29,62.6,3.315,215.974,5.773,1
14,2024-12-06,56.5,3.266,215.919,5.955,0
14,2024-12-13,55.9,3.38,216.004,5.766,0
14,2024-12-20,55.6,3.382,216.384,5.898,0
14,2024-12-27,51.7,3.302,216.007,5.937,1
14,2025-01-03,51.7,3.353,215.9,5.726,0
14,2025-01-10,48.9,3.356,216.45,5.725,0
14,2025-01-17,48.8,3.325,216.2,5.876,0
14,2025-01-24,53.1,3.398,216.207,5.714,0
15,2023-02-03,42.5,3.223,222.035,8.193,0
15,2023-02-10,47.4,3.356,221.811,8.081,1
15,2023-02-17,39.8,3.235,222.492,8.256,0
15,2023-02-24,43.9,3.286,222.065,8.163,0
15,2023-03-03,44.3,3.198,221.974,8.065,0
15,2023-03-10,47.9,3.307,222.556,7.983,0
15,2023-03-17,42.7,3.345,221.589,8.279,0
15,2023-03-24,43.4,3.368,222.206,8.252,0
15,2023-03-31,60.4,3.226,222.731,7.956,0
15,2023-04-07,54.1,3.34,222.612,8.036,0
15,2023-04-14,57.4,3.288,222.995,8.076,0
15,2023-04-21,53.1,3.447,222.653,8.298,0
15,2023-04-28,63.4,3.333,222.697,8.109,0
15,2023-05-05,66.7,3.398,222.826,8.067,0
15,2023-05-12,64.4,3.442,222.824,8.038,0
15,2023-05-19,65.2,3.348,222.452,7.992,0
15,2023-05-26,73.7,3.362,223.134,7.809,0
15,2023-06-02,73.1,3.359,222.828,8.065,0
15,2023-06-09,72.0,3.253,223.299,8.061,0
15,2023-06-16,74.4,3.302,222.632,8.049,0
15,2023-06-23,81.9,3.35,222.708,8.04,0
15,2023-06-30,78.4,3.37,223.355,7.708,0
15,2023-07-07,81.5,3.264,222.796,7.978,0
15,2023-07-14,82.0,3.217,223.484,8.063,0
15,2023-07-21,81.7,3.241,223.029,8.08,0
15,2023-07-28,77.4,3.321,223.323,7.957,0
15,2023-08-04,77.0,3.245,223.607,7.823,0
15,2023-08-11,83.5,3.24,223.28,8.032,0
15,2023-08-18,74.9,3.237,224.009,8.081,0
15,2023-08-25,82.0,3.19,223.382,7.897,0
15,2023-09-01,81.5,3.15,223.85,8.13,0
15,2023-09-08,78.4,3.11,223.269,7.985,1
15,2023-09-15,76.9,3.208,223.563,7.98,0
15,2023-09-22,74.9,3.117,223.652,7.767,0
15,2023-09-29,79.4,3.14,224.016,7.823,0
15,2023-10-06,68.3,3.125,224.203,7.815,0
15,2023-10-13,66.6,3.14,224.072,8.021,0
15,2023-10-20,68.0,3.161,224.189,7.732,0
15,2023-10-27,61.6,3.073,223.623,7.917,0
15,2023-11-03,63.0,3.132,223.295,8.033,0
15,2023-11-10,57.0,3.234,223.688,7.736,0
15,2023-11-17,50.7,3.154,223.842,7.7,0
15,2023-11-24,50.9,3.183,224.436,7.978,1
15,2023-12-01,50.8,3.164,223.886,7.754,0
15,2023-12-08,49.2,3.188,224.628,7.876,0
15,2023-12-15,46.3,3.228,224.36,7.735,0
15,2023-12-22,45.0,3.165,224.945,7.788,0
15,2023-12-29,46.2,3.196,225.207,7.878,1
15,2024-01-05,42.2,3.213,224.458,7.752,0
15,2024-01-12,41.3,3.267,225.008,7.596,0
15,2024-01-19,39.3,3.24,224.492,7.917,0
15,2024-01-26,45.3,3.331,224.593,7.678,0
15,2024-02-02,37.8,3.343,224.87,7.826,0
15,2024-02-09,41.6,3.317,224.824,7.776,1
15,2024-02-16,38.3,3.381,224.817,7.571,0
15,2024-02-23,37.2,3.356,225.307,7.834,0
15,2024-03-01,45.5,3.48,224.91,7.752,0
15,2024-03-08,44.3,3.373,224.77,7.441,0
15,2024-03-15,51.0,3.383,224.782,7.519,0
15,2024-03-22,48.2,3.518,225.701,7.461,0
15,2024-03-29,49.7,3.392,225.419,7.646,0
15,2024-04-05,50.9,3.458,225.03,7.768,0
15,2024-04-12,56.7,3.498,224.423,7.59,0
15,2024-04-19,63.6,3.538,224.719,7.556,0
15,2024-04-26,56.1,3.562,225.396,7.5,0
15,2024-05-03,62.2,3.35,225.047,7.571,0
15,2024-05-10,67.1,3.384,225.308,7.658,0
15,2024-05-17,62.5,3.491,225.493,7.718,0
15,2024-05-24,68.5,3.468,225.779,7.404,0
15,2024-05-31,70.7,3.448,225.531,7.612,0
15,2024-06-07,75.1,3.426,225.664,7.666,0
15,2024-06-14,72.9,3.462,225.615,7.501,0
15,2024-06-21,72.2,3.514,225.49,7.6,0
15,2024-06-28,76.7,3.4,226.137,7.586,0
15,2024-07-05,80.4,3.456,225.736,7.476,0
15,2024-07-12,78.8,3.448,225.665,7.616,0
15,2024-07-19,80.6,3.389,226.15,7.459,0
15,2024-07-26,81.1,3.371,226.241,7.381,0
15,2024-08-02,81.7,3.357,226.282,7.427,0
15,2024-08-09,87.4,3.332,226.001,7.41,0
15,2024-08-16,77.6,3.272,225.964,7.531,0
15,2024-08-23,80.7,3.285,226.541,7.562,0
15,2024-08-30,83.6,3.252,226.074,7.578,0
15,2024-09-06,79.3,3.267,226.488,7.488,1
15,2024-09-13,75.4,3.28,226.601,7.261,0
15,2024-09-20,75.4,3.202,226.078,7.311,0
15,2024-09-27,74.9,3.232,226.228,7.362,0
15,2024-10-04,68.0,3.263,226.812,7.339,0
15,2024-10-11,68.6,3.254,225.914,7.391,0
15,2024-10-18,76.2,3.226,226.537,7.401,0
15,2024-10-25,69.5,3.28,225.976,7.373,0
15,2024-11-01,69.8,3.263,226.326,7.335,0
15,2024-11-08,55.9,3.297,226.436,7.304,0
15,2024-11-15,54.8,3.213,227.219,7.297,0
15,2024-11-22,53.3,3.19,226.261,7.152,0
15,2024-11-29,53.2,3.306,226.705,7.424,1
15,2024-12-06,48.6,3.257,226.599,7.356,0
15,2024-12-13,55.1,3.194,226.869,7.373,0
15,2024-12-20,42.8,3.325,227.389,7.245,0
15,2024-12-27,47.3,3.401,227.657,7.221,1
15,2025-01-03,42.8,3.284,227.416,7.08,0
15,2025-01-10,42.7,3.354,227.022,7.235,0
15,2025-01-17,50.4,3.362,227.092,7.299,0
15,2025-01-24,43.0,3.46,227.322,7.162,0
16,2023-02-03,40.3,3.132,215.988,7.469,0
16,2023-02-10,38.6,3.178,215.848,7.376,1
16,2023-02-17,36.8,3.299,215.818,7.422,0
16,2023-02-24,42.4,3.26,215.876,7.354,0
16,2023-03-03,47.7,3.249,216.278,7.407,0
16,2023-03-10,45.1,3.332,216.205,7.332,0
16,2023-03-17,47.4,3.404,215.834,7.409,0
16,2023-03-24,44.3,3.309,216.475,7.296,0
16,2023-03-31,45.0,3.42,216.199,7.598,0
16,2023-04-07,48.5,3.357,215.863,7.39,0
16,2023-04-14,46.7,3.395,216.208,7.36,0
16,2023-04-21,53.2,3.323,216.38,7.239,0
16,2023-04-28,58.3,3.477,216.657,7.195,0
16,2023-05-05,57.6,3.397,216.24,7.196,0
16,2023-05-12,62.7,3.376,216.886,7.301,0
16,2023-05-19,67.5,3.312,216.053,7.388,0
16,2023-05-26,69.5,3.324,216.419,7.168,0
16,2023-06-02,67.9,3.409,216.331,7.271,0
16,2023-06-09,67.1,3.327,217.039,7.293,0
16,2023-06-16,69.4,3.335,216.082,7.175,0
16,2023-06-23,78.2,3.332,217.179,7.256,0
16,2023-06-30,75.5,3.359,215.86,7.276,0
16,2023-07-07,76.7,3.388,217.001,7.133,0
16,2023-07-14,81.6,3.286,216.49,7.256,0
16,2023-07-21,78.0,3.361,216.914,7.247,0
16,2023-07-28,81.7,3.323,217.096,7.358,0
16,2023-08-04,81.0,3.26,217.283,7.197,0
16,2023-08-11,79.1,3.322,217.448,7.195,0
16,2023-08-18,77.2,3.293,217.251,7.218,0
16,2023-08-25,76.9,3.221,217.055,7.11,0
16,2023-09-01,77.3,3.204,216.999,7.256,0
16,2023-09-08,79.5,3.225,217.078,7.232,1
16,2023-09-15,74.4,3.103,217.413,7.161,0
16,2023-09-22,80.2,3.227,217.475,7.161,0
16,2023-09-29,71.0,3.094,216.79,7.039,0
16,2023-10-06,68.3,3.032,217.198,7.091,0
16,2023-10-13,65.6,3.099,217.309,7.278,0
16,2023-10-20,65.9,3.1,217.441,7.093,0
16,2023-10-27,59.3,3.089,217.815,7.044,0
16,2023-11-03,55.9,3.126,217.597,6.879,0
16,2023-11-10,56.6,3.174,217.747,7.289,0
16,2023-11-17,58.1,3.209,218.501,7.132,0
16,2023-11-24,52.6,3.192,217.544,7.057,1
16,2023-12-01,47.9,3.173,217.566,6.967,0
16,2023-12-08,49.0,3.158,217.233,6.88,0
16,2023-12-15,42.5,3.134,217.986,7.038,0
16,2023-12-22,47.4,3.23,218.233,7.067,0
16,2023-12-29,43.3,3.264,218.237,7.034,1
16,2024-01-05,45.3,3.109,217.924,6.955,0
16,2024-01-12,43.9,3.323,217.626,7.117,0
16,2024-01-19,36.2,3.207,218.041,6.934,0
16,2024-01-26,34.6,3.316,218.365,7.061,0
16,2024-02-02,37.9,3.302,218.202,7.115,0
16,2024-02-09,30.8,3.276,218.263,6.827,1
16,2024-02-16,39.0,3.338,218.114,6.932,0
16,2024-02-23,42.3,3.351,218.225,6.899,0
16,2024-03-01,41.4,3.295,218.55,6.861,0
16,2024-03-08,46.5,3.429,218.812,6.795,0
16,2024-03-15,43.1,3.353,218.3,7.011,0
16,2024-03-22,50.4,3.373,218.424,6.868,0
16,2024-03-29,49.6,3.355,218.13,6.915,0
16,2024-04-05,44.0,3.432,218.71,6.898,0
16,2024-04-12,51.6,3.446,218.965,6.874,0
16,2024-04-19,52.4,3.474,218.876,7.008,0
16,2024-04-26,59.1,3.538,218.628,6.774,0
16,2024-05-03,58.5,3.473,218.559,6.943,0
16,2024-05-10,64.2,3.466,219.104,6.828,0
16,2024-05-17,66.1,3.412,218.918,6.79,0
16,2024-05-24,68.1,3.445,218.261,6.678,0
16,2024-05-31,68.3,3.474,219.566,6.834,0
16,2024-06-07,70.8,3.462,219.443,6.707,0
16,2024-06-14,72.0,3.4,219.587,6.795,0
16,2024-06-21,72.0,3.438,219.364,6.721,0
16,2024-06-28,74.0,3.398,219.363,6.7,0
16,2024-07-05,75.5,3.351,219.335,6.708,0
16,2024-07-12,76.9,3.413,219.586,6.786,0
16,2024-07-19,80.2,3.376,219.241,6.602,0
16,2024-07-26,77.2,3.373,219.225,6.706,0
16,2024-08-02,76.3,3.273,219.757,6.639,0
16,2024-08-09,76.5,3.285,219.688,6.813,0
16,2024-08-16,77.4,3.313,219.933,6.485,0
16,2024-08-23,83.8,3.431,218.849,6.646,0
16,2024-08-30,74.7,3.281,219.586,6.727,0
16,2024-09-06,75.3,3.235,219.71,6.687,1
16,2024-09-13,70.6,3.186,220.409,6.562,0
16,2024-09-20,72.0,3.238,220.026,6.793,0
16,2024-09-27,72.3,3.173,219.496,6.566,0
16,2024-10-04,67.7,3.155,220.207,6.487,0
16,2024-10-11,70.7,3.327,219.937,6.63,0
16,2024-10-18,60.3,3.264,219.912,6.467,0
16,2024-10-25,60.7,3.208,220.014,6.661,0
16,2024-11-01,56.8,3.319,219.764,6.718,0
16,2024-11-08,53.7,3.235,220.064,6.512,0
16,2024-11-15,56.8,3.315,220.619,6.495,0
16,2024-11-22,52.6,3.209,220.014,6.411,0
16,2024-11-29,48.6,3.27,219.788,6.511,1
16,2024-12-06,52.3,3.325,220.236,6.366,0
16,2024-12-13,47.3,3.166,220.794,6.475,0
16,2024-12-20,49.7,3.21,220.787,6.476,0
16,2024-12-27,41.7,3.244,220.74,6.544,1
16,2025-01-03,46.8,3.381,220.433,6.366,0
16,2025-01-10,36.4,3.422,220.428,6.604,0
16,2025-01-17,41.3,3.385,220.619,6.512,0
16,2025-01-24,39.3,3.369,220.97,6.422,0
17,2023-02-03,36.5,3.177,212.173,6.825,0
17,2023-02-10,39.8,3.264,212.469,6.611,1
17,2023-02-17,39.7,3.222,212.446,6.819,0
17,2023-02-24,36.2,3.348,212.266,6.673,0
17,2023-03-03,43.5,3.279,212.656,6.495,0
17,2023-03-10,41.8,3.257,212.757,6.478,0
17,2023-03-17,44.7,3.369,212.826,6.476,0
17,2023-03-24,46.4,3.308,212.554,6.405,0
17,2023-03-31,41.7,3.267,212.749,6.646,0
17,2023-04-07,44.6,3.369,212.769,6.568,0
17,2023-04-14,53.7,3.343,213.151,6.395,0
17,2023-04-21,54.8,3.344,213.401,6.529,0
17,2023-04-28,54.4,3.406,213.0,6.64,0
17,2023-05-05,52.7,3.415,213.068,6.556,0
17,2023-05-12,56.0,3.379,212.913,6.536,0
17,2023-05-19,59.9,3.349,213.269,6.515,0
17,2023-05-26,60.3,3.366,213.034,6.726,0
17,2023-06-02,67.5,3.38,213.737,6.283,0
17,2023-06-09,58.7,3.339,213.022,6.448,0
17,2023-06-16,68.9,3.396,213.144,6.501,0
17,2023-06-23,70.0,3.357,213.38,6.59,0
17,2023-06-30,71.2,3.416,213.348,6.516,0
17,2023-07-07,72.5,3.297,213.825,6.401,0
17,2023-07-14,65.7,3.146,214.067,6.544,0
17,2023-07-21,80.1,3.283,213.348,6.369,0
17,2023-07-28,74.9,3.218,214.28,6.625,0
17,2023-08-04,76.5,3.251,213.447,6.546,0
17,2023-08-11,75.1,3.221,214.03,6.323,0
17,2023-08-18,74.9,3.148,214.262,6.361,0
17,2023-08-25,77.2,3.195,213.945,6.24,0
17,2023-09-01,75.0,3.146,213.89,6.351,0
17,2023-09-08,71.8,3.091,214.016,6.421,1
17,2023-09-15,68.9,3.153,214.184,6.319,0
17,2023-09-22,65.2,3.152,214.484,6.216,0
17,2023-09-29,65.3,3.075,214.518,6.302,0
17,2023-10-06,61.8,3.142,213.924,6.198,0
17,2023-10-13,57.7,3.078,214.743,6.218,0
17,2023-10-20,61.2,3.087,214.613,6.179,0
17,2023-10-27,57.5,3.13,215.134,6.334,0
17,2023-11-03,53.2,3.162,215.127,6.098,0
17,2023-11-10,50.1,3.119,214.41,6.218,0
17,2023-11-17,46.3,3.207,214.159,6.221,0
17,2023-11-24,51.1,3.142,214.342,6.096,1
17,2023-12-01,45.0,3.115,214.747,6.081,0
17,2023-12-08,46.1,3.17,214.792,6.355,0
17,2023-12-15,40.4,3.141,214.621,6.182,0
17,2023-12-22,39.8,3.151,214.229,6.135,0
17,2023-12-29,39.6,3.216,215.245,6.377,1
17,2024-01-05,39.6,3.295,215.166,6.342,0
17,2024-01-12,41.9,3.292,215.197,6.141,0
17,2024-01-19,35.5,3.247,215.222,6.079,0
17,2024-01-26,34.6,3.166,215.602,6.119,0
17,2024-02-02,36.4,3.377,215.226,6.276,0
17,2024-02-09,31.4,3.444,215.512,6.142,1
17,2024-02-16,39.9,3.285,215.149,6.256,0
17,2024-02-23,30.7,3.391,215.445,6.298,0
17,2024-03-01,32.6,3.462,215.168,6.047,0
17,2024-03-08,34.9,3.345,215.507,5.97,0
17,2024-03-15,42.3,3.382,215.072,6.019,0
17,2024-03-22,42.8,3.416,215.496,6.131,0
17,2024-03-29,46.9,3.428,215.222,6.059,0
17,2024-04-05,47.1,3.382,215.318,5.969,0
17,2024-04-12,47.3,3.426,215.848,5.871,0
17,2024-04-19,45.5,3.455,215.633,5.876,0
17,2024-04-26,50.8,3.457,215.618,6.026,0
17,2024-05-03,53.0,3.554,215.932,5.921,0
17,2024-05-10,57.7,3.487,216.2,5.931,0
17,2024-05-17,62.1,3.482,216.333,6.11,0
17,2024-05-24,62.7,3.463,216.088,5.953,0
17,2024-05-31,69.4,3.475,215.864,5.915,0
17,2024-06-07,62.7,3.491,215.79,6.061,0
17,2024-06-14,64.4,3.461,216.431,5.726,0
17,2024-06-21,76.0,3.422,216.178,5.988,0
17,2024-06-28,73.7,3.445,216.485,5.973,0
17,2024-07-05,78.0,3.444,216.825,6.001,0
17,2024-07-12,68.3,3.534,216.113,6.051,0
17,2024-07-19,74.5,3.441,216.129,5.954,0
17,2024-07-26,74.1,3.451,216.517,5.975,0
17,2024-08-02,68.5,3.352,216.559,5.894,0
17,2024-08-09,77.8,3.322,216.5,5.979,0
17,2024-08-16,67.6,3.354,216.435,5.76,0
17,2024-08-23,74.7,3.37,216.897,5.828,0
17,2024-08-30,75.4,3.338,216.609,5.762,0
17,2024-09-06,69.6,3.323,216.673,5.717,1
17,2024-09-13,64.9,3.31,216.572,5.844,0
17,2024-09-20,72.0,3.192,216.772,5.784,0
17,2024-09-27,67.5,3.311,216.437,5.848,0
17,2024-10-04,67.4,3.232,216.844,5.823,0
17,2024-10-11,63.1,3.265,217.104,5.673,0
17,2024-10-18,62.8,3.291,217.041,5.612,0
17,2024-10-25,57.1,3.241,216.692,5.715,0
17,2024-11-01,50.8,3.262,217.135,5.577,0
17,2024-11-08,53.7,3.232,217.29,5.692,0
17,2024-11-15,47.8,3.202,217.024,5.723,0
17,2024-11-22,48.4,3.238,217.109,5.676,0
17,2024-11-29,53.2,3.219,217.118,6.031,1
17,2024-12-06,44.9,3.2,217.588,5.6,0
17,2024-12-13,44.5,3.271,217.254,5.842,0
17,2024-12-20,41.7,3.345,217.566,5.627,0
17,2024-12-27,40.4,3.373,217.526,5.841,1
17,2025-01-03,39.9,3.341,217.611,5.665,0
17,2025-01-10,32.6,3.344,217.652,5.6,0
17,2025-01-17,36.6,3.369,217.868,5.698,0
17,2025-01-24,35.7,3.32,218.223,5.607,0
18,2023-02-03,33.5,3.269,210.686,6.383,0
18,2023-02-10,30.9,3.224,210.546,6.418,1
18,2023-02-17,28.2,3.253,210.714,6.434,0
18,2023-02-24,28.3,3.295,210.431,6.307,0
18,2023-03-03,29.6,3.224,211.058,6.257,0
18,2023-03-10,30.3,3.358,210.632,6.325,0
18,2023-03-17,30.9,3.353,211.107,6.408,0
18,2023-03-24,37.3,3.33,210.745,6.243,0
18,2023-03-31,41.4,3.378,210.745,6.318,0
18,2023-04-07,38.7,3.294,211.056,6.263,0
18,2023-04-14,39.0,3.286,210.584,6.257,0
18,2023-04-21,43.9,3.324,211.298,6.278,0
18,2023-04-28,48.2,3.364,210.917,6.286,0
18,2023-05-05,45.1,3.403,210.922,6.356,0
18,2023-05-12,50.3,3.43,210.916,6.186,0
18,2023-05-19,54.8,3.434,211.803,6.248,0
18,2023-05-26,61.5,3.358,211.682,6.14,0
18,2023-06-02,59.5,3.25,211.066,6.271,0
18,2023-06-09,56.3,3.381,211.725,6.164,0
18,2023-06-16,59.3,3.327,211.213,6.194,0
18,2023-06-23,64.2,3.324,212.055,6.122,0
18,2023-06-30,69.5,3.275,211.625,6.302,0
18,2023-07-07,70.0,3.293,211.819,6.216,0
18,2023-07-14,66.0,3.33,212.262,6.211,0
18,2023-07-21,70.0,3.318,211.315,6.2,0
18,2023-07-28,65.7,3.239,212.451,6.119,0
18,2023-08-04,66.7,3.31,211.569,6.089,0
18,2023-08-11,72.5,3.238,211.434,6.179,0
18,2023-08-18,67.1,3.297,211.771,6.219,0
18,2023-08-25,72.9,3.162,211.945,6.143,0
18,2023-09-01,64.0,3.204,211.985,6.07,0
18,2023-09-08,65.5,3.18,212.152,6.024,1
18,2023-09-15,62.2,3.159,212.139,6.03,0
18,2023-09-22,63.1,3.063,211.984,6.036,0
18,2023-09-29,57.7,3.226,212.258,6.072,0
18,2023-10-06,56.7,3.136,211.938,6.027,0
18,2023-10-13,53.2,3.118,211.585,5.921,0
18,2023-10-20,58.1,3.17,212.799,6.163,0
18,2023-10-27,53.3,3.104,212.142,6.129,0
18,2023-11-03,49.1,3.253,212.393,6.201,0
18,2023-11-10,46.0,3.198,213.062,5.892,0
18,2023-11-17,42.7,3.085,212.234,6.051,0
18,2023-11-24,41.2,3.146,212.82,5.788,1
18,2023-12-01,43.5,3.136,212.863,6.026,0
18,2023-12-08,41.7,3.159,212.116,5.96,0
18,2023-12-15,36.2,3.126,212.847,5.908,0
18,2023-12-22,29.9,3.226,212.684,5.893,0
18,2023-12-29,31.1,3.271,212.891,5.932,1
18,2024-01-05,29.9,3.249,213.358,5.979,0
18,2024-01-12,32.3,3.275,212.589,5.817,0
18,2024-01-19,28.9,3.228,212.733,5.707,0
18,2024-01-26,25.0,3.271,213.082,5.805,0
18,2024-02-02,29.1,3.282,213.48,5.858,0
18,2024-02-09,31.1,3.334,212.782,5.855,1
18,2024-02-16,25.8,3.338,213.029,5.892,0
18,2024-02-23,26.2,3.364,213.475,5.935,0
18,2024-03-01,28.9,3.383,213.408,5.989,0
18,2024-03-08,28.0,3.354,214.244,5.797,0
18,2024-03-15,28.3,3.386,212.622,5.838,0
18,2024-03-22,38.1,3.385,213.362,5.896,0
18,2024-03-29,32.3,3.377,213.484,5.719,0
18,2024-04-05,38.7,3.392,213.667,5.769,0
18,2024-04-12,43.5,3.474,213.715,5.629,0
18,2024-04-19,45.6,3.455,213.653,5.869,0
18,2024-04-26,44.3,3.544,214.186,5.829,0
18,2024-05-03,46.0,3.371,214.126,5.755,0
18,2024-05-10,49.1,3.54,213.594,5.692,0
18,2024-05-17,55.3,3.424,213.87,5.833,0
18,2024-05-24,56.6,3.539,214.293,5.715,0
18,2024-05-31,51.2,3.416,214.232,5.549,0
18,2024-06-07,59.3,3.48,214.494,5.637,0
18,2024-06-14,60.2,3.452,214.208,5.669,0
18,2024-06-21,67.0,3.404,214.189,5.719,0
18,2024-06-28,64.2,3.473,214.247,5.743,0
18,2024-07-05,67.2,3.437,214.063,5.591,0
18,2024-07-12,71.3,3.435,213.996,5.662,0
18,2024-07-19,61.2,3.359,214.641,5.622,0
18,2024-07-26,69.1,3.221,214.285,5.658,0
18,2024-08-02,70.3,3.404,214.39,5.598,0
18,2024-08-09,64.8,3.33,214.124,5.419,0
18,2024-08-16,65.1,3.4,214.472,5.616,0
18,2024-08-23,66.1,3.219,214.884,5.367,0
18,2024-08-30,64.9,3.292,214.722,5.501,0
18,2024-09-06,59.8,3.241,214.478,5.487,1
18,2024-09-13,66.8,3.208,214.843,5.57,0
18,2024-09-20,65.0,3.251,215.04,5.527,0
18,2024-09-27,61.6,3.173,214.061,5.572,0
18,2024-10-04,59.5,3.265,214.745,5.673,0
18,2024-10-11,54.6,3.257,215.131,5.686,0
18,2024-10-18,52.7,3.2,214.553,5.659,0
18,2024-10-25,52.6,3.254,215.988,5.527,0
18,2024-11-01,45.0,3.222,214.81,5.445,0
18,2024-11-08,45.3,3.206,214.735,5.633,0
18,2024-11-15,45.0,3.229,215.43,5.511,0
18,2024-11-22,42.6,3.282,215.293,5.521,0
18,2024-11-29,41.9,3.265,215.237,5.597,1
18,2024-12-06,36.1,3.288,215.477,5.373,0
18,2024-12-13,33.2,3.264,215.255,5.278,0
18,2024-12-20,32.0,3.31,215.833,5.47,0
18,2024-12-27,24.6,3.345,215.335,5.449,1
18,2025-01-03,31.2,3.321,215.522,5.392,0
18,2025-01-10,34.2,3.348,215.928,5.478,0
18,2025-01-17,31.5,3.279,215.988,5.328,0
18,2025-01-24,31.2,3.339,215.347,5.562,0
19,2023-02-03,29.8,3.198,220.21,7.907,0
19,2023-02-10,27.9,3.2,220.928,7.924,1
19,2023-02-17,27.2,3.282,220.698,7.834,0
19,2023-02-24,34.6,3.251,220.4,8.063,0
19,2023-03-03,33.3,3.274,220.679,7.986,0
19,2023-03-10,33.0,3.218,220.647,7.991,0
19,2023-03-17,38.6,3.299,221.312,7.923,0
19,2023-03-24,37.0,3.318,221.049,7.755,0
19,2023-03-31,39.7,3.355,220.494,7.809,0
19,2023-04-07,40.8,3.402,220.497,7.78,0
19,2023-04-14,42.5,3.408,221.087,7.988,0
19,2023-04-21,48.2,3.347,221.222,7.763,0
19,2023-04-28,51.2,3.306,220.953,7.834,0
19,2023-05-05,54.7,3.266,221.663,7.764,0
19,2023-05-12,47.8,3.227,220.841,7.766,0
19,2023-05-19,55.6,3.407,221.185,7.648,0
19,2023-05-26,56.9,3.374,221.469,7.669,0
19,2023-06-02,63.0,3.336,221.189,7.684,0
19,2023-06-09,65.6,3.353,221.292,7.821,0
19,2023-06-16,70.7,3.361,221.92,7.822,0
19,2023-06-23,64.2,3.341,221.215,7.688,0
19,2023-06-30,65.6,3.307,221.425,7.67,0
19,2023-07-07,70.4,3.308,221.141,7.614,0
19,2023-07-14,65.2,3.311,221.901,7.704,0
19,2023-07-21,68.1,3.296,221.659,7.554,0
19,2023-07-28,73.1,3.309,222.135,7.597,0
19,2023-08-04,74.6,3.227,222.096,7.597,0
19,2023-08-11,70.2,3.115,221.86,7.647,0
19,2023-08-18,69.2,3.308,221.651,7.572,0
19,2023-08-25,67.0,3.177,222.36,7.766,0
19,2023-09-01,66.7,3.154,221.753,7.739,0
19,2023-09-08,70.9,3.171,221.731,7.468,1
19,2023-09-15,66.5,3.192,221.58,7.556,0
19,2023-09-22,69.2,3.143,222.697,7.643,0
19,2023-09-29,59.2,3.13,222.262,7.473,0
19,2023-10-06,57.4,3.213,222.057,7.666,0
19,2023-10-13,56.8,3.13,222.569,7.488,0
19,2023-10-20,57.5,3.026,222.582,7.291,0
19,2023-10-27,52.8,3.17,222.687,7.398,0
19,2023-11-03,47.5,3.094,222.606,7.315,0
19,2023-11-10,48.6,3.147,222.515,7.561,0
19,2023-11-17,46.9,3.109,222.069,7.512,0
19,2023-11-24,41.1,3.115,222.844,7.63,1
19,2023-12-01,41.6,3.181,222.317,7.503,0
19,2023-12-08,39.5,3.226,222.638,7.444,0
19,2023-12-15,41.0,3.173,222.518,7.713,0
19,2023-12-22,32.8,3.189,223.004,7.475,0
19,2023-12-29,34.0,3.2,222.88,7.327,1
19,2024-01-05,39.8,3.215,223.179,7.395,0
19,2024-01-12,31.3,3.222,222.585,7.402,0
19,2024-01-19,30.4,3.323,222.741,7.351,0
19,2024-01-26,28.5,3.356,222.889,7.455,0
19,2024-02-02,34.0,3.297,222.787,7.252,0
19,2024-02-09,33.8,3.261,223.368,7.39,1
19,2024-02-16,32.8,3.367,223.02,7.271,0
19,2024-02-23,34.5,3.332,222.525,7.423,0
19,2024-03-01,30.2,3.405,223.818,7.35,0
19,2024-03-08,37.6,3.407,223.926,7.232,0
19,2024-03-15,36.1,3.449,223.443,7.444,0
19,2024-03-22,36.5,3.534,224.187,7.347,0
19,2024-03-29,41.3,3.503,223.244,7.177,0
19,2024-04-05,45.5,3.469,223.582,7.299,0
19,2024-04-12,36.8,3.455,223.474,7.38,0
19,2024-04-19,49.2,3.5,223.869,7.129,0
19,2024-04-26,50.4,3.508,224.174,7.48,0
19,2024-05-03,46.0,3.461,223.628,7.276,0
19,2024-05-10,53.5,3.469,224.208,7.138,0
19,2024-05-17,52.7,3.428,223.842,7.115,0
19,2024-05-24,58.0,3.468,223.764,7.316,0
19,2024-05-31,60.2,3.524,223.992,7.216,0
19,2024-06-07,60.7,3.463,224.314,7.167,0
19,2024-06-14,65.9,3.414,224.378,7.14,0
19,2024-06-21,68.6,3.447,224.656,7.073,0
19,2024-06-28,63.1,3.4,223.835,7.04,0
19,2024-07-05,70.6,3.417,224.156,7.13,0
19,2024-07-12,68.0,3.486,224.13,7.026,0
19,2024-07-19,72.9,3.377,225.012,7.096,0
19,2024-07-26,73.4,3.426,224.294,7.064,0
19,2024-08-02,73.3,3.385,224.077,7.015,0
19,2024-08-09,63.3,3.37,224.472,7.102,0
19,2024-08-16,65.4,3.269,224.457,7.041,0
19,2024-08-23,70.1,3.338,225.331,7.096,0
19,2024-08-30,72.1,3.253,224.198,7.053,0
19,2024-09-06,62.7,3.282,224.516,6.883,1
19,2024-09-13,71.2,3.242,224.309,7.158,0
19,2024-09-20,62.1,3.312,224.63,7.004,0
19,2024-09-27,63.4,3.278,225.131,7.039,0
19,2024-10-04,61.9,3.278,225.01,7.024,0
19,2024-10-11,53.8,3.266,225.013,6.987,0
19,2024-10-18,59.7,3.161,225.543,7.016,0
19,2024-10-25,54.4,3.211,224.6,6.994,0
19,2024-11-01,52.1,3.266,225.091,6.779,0
19,2024-11-08,44.0,3.338,224.872,7.131,0
19,2024-11-15,43.5,3.231,225.438,6.896,0
19,2024-11-22,48.7,3.252,225.438,6.942,0
19,2024-11-29,43.7,3.336,225.311,7.131,1
19,2024-12-06,37.9,3.307,225.547,6.841,0
19,2024-12-13,38.4,3.282,225.194,6.974,0
19,2024-12-20,36.5,3.293,225.48,6.919,0
19,2024-12-27,33.5,3.32,225.357,7.184,1
19,2025-01-03,29.1,3.301,225.448,7.112,0
19,2025-01-10,28.4,3.37,225.725,6.932,0
19,2025-01-17,35.3,3.429,225.565,6.908,0
19,2025-01-24,25.6,3.393,225.512,6.86,0
20,2023-02-03,36.6,3.139,215.712,6.953,0
20,2023-02-10,38.0,3.278,216.484,6.75,1
20,2023-02-17,41.2,3.167,216.29,6.768,0
20,2023-02-24,34.6,3.29,216.4,6.899,0
20,2023-03-03,39.1,3.284,216.324,6.828,0
20,2023-03-10,41.3,3.305,216.469,6.625,0
20,2023-03-17,40.8,3.242,216.349,6.942,0
20,2023-03-24,41.4,3.333,216.543,6.561,0
20,2023-03-31,43.2,3.358,215.497,6.66,0
20,2023-04-07,50.1,3.401,216.529,6.836,0
20,2023-04-14,49.7,3.388,216.372,6.749,0
20,2023-04-21,49.4,3.431,216.973,6.866,0
20,2023-04-28,52.5,3.325,216.95,6.772,0
20,2023-05-05,57.1,3.344,216.744,6.599,0
20,2023-05-12,60.4,3.446,217.156,6.768,0
20,2023-05-19,56.8,3.386,217.358,6.601,0
20,2023-05-26,63.0,3.443,216.952,6.926,0
20,2023-06-02,63.2,3.317,217.184,6.548,0
20,2023-06-09,66.9,3.356,217.177,6.719,0
20,2023-06-16,70.8,3.33,217.281,7.05,0
20,2023-06-23,73.2,3.344,216.577,6.574,0
20,2023-06-30,71.9,3.3,217.012,6.805,0
20,2023-07-07,77.6,3.306,216.704,6.751,0
20,2023-07-14,74.7,3.213,217.33,6.71,0
20,2023-07-21,68.3,3.243,217.133,6.671,0
20,2023-07-28,74.4,3.226,217.435,6.541,0
20,2023-08-04,77.7,3.196,216.861,6.653,0
20,2023-08-11,76.7,3.282,217.157,6.488,0
20,2023-08-18,79.6,3.144,217.742,6.69,0
20,2023-08-25,77.4,3.17,217.171,6.527,0
20,2023-09-01,69.9,3.142,217.66,6.603,0
20,2023-09-08,69.4,3.211,217.653,6.679,1
20,2023-09-15,72.8,3.217,217.71,6.616,0
20,2023-09-22,65.5,3.148,217.605,6.483,0
20,2023-09-29,68.8,3.176,217.784,6.48,0
20,2023-10-06,63.2,3.192,217.821,6.386,0
20,2023-10-13,62.6,3.045,217.777,6.458,0
20,2023-10-20,59.2,3.208,217.47,6.538,0
20,2023-10-27,65.1,3.181,217.857,6.344,0
20,2023-11-03,52.0,3.107,217.71,6.376,0
20,2023-11-10,52.7,3.126,218.112,6.314,0
20,2023-11-17,49.3,3.128,217.958,6.611,0
20,2023-11-24,49.7,3.063,218.192,6.472,1
20,2023-12-01,46.4,3.093,218.644,6.301,0
20,2023-12-08,46.7,3.175,218.347,6.568,0
20,2023-12-15,44.5,3.15,218.548,6.325,0
20,2023-12-22,41.6,3.128,217.956,6.383,0
20,2023-12-29,40.8,3.124,218.466,6.286,1
20,2024-01-05,42.2,3.209,218.029,6.365,0
20,2024-01-12,34.7,3.308,218.417,6.332,0
20,2024-01-19,38.5,3.214,218.08,6.378,0
20,2024-01-26,33.0,3.229,218.767,6.38,0
20,2024-02-02,32.4,3.273,218.295,6.495,0
20,2024-02-09,39.0,3.303,218.789,6.172,1
20,2024-02-16,34.7,3.349,218.802,6.288,0
20,2024-02-23,38.2,3.367,218.667,6.258,0
20,2024-03-01,37.1,3.393,218.89,6.297,0
20,2024-03-08,36.1,3.349,218.936,6.415,0
20,2024-03-15,41.6,3.395,218.934,6.144,0
20,2024-03-22,46.8,3.44,218.716,6.231,0
20,2024-03-29,43.2,3.509,218.906,6.253,0
20,2024-04-05,48.5,3.418,219.075,6.255,0
20,2024-04-12,44.4,3.477,219.053,6.231,0
20,2024-04-19,51.4,3.485,219.518,6.09,0
20,2024-04-26,52.7,3.51,219.311,6.244,0
20,2024-05-03,64.4,3.511,219.556,6.157,0
20,2024-05-10,55.6,3.465,219.48,6.218,0
20,2024-05-17,62.1,3.469,219.204,6.15,0
20,2024-05-24,65.4,3.518,219.065,6.234,0
20,2024-05-31,63.5,3.494,219.359,6.304,0
20,2024-06-07,66.2,3.472,219.648,6.05,0
20,2024-06-14,69.2,3.441,219.362,6.084,0
20,2024-06-21,74.4,3.414,219.736,6.149,0
20,2024-06-28,68.4,3.457,219.192,6.17,0
20,2024-07-05,72.3,3.418,219.278,6.11,0
20,2024-07-12,77.6,3.363,219.534,6.133,0
20,2024-07-19,77.0,3.266,220.371,6.13,0
20,2024-07-26,78.1,3.365,219.26,6.135,0
20,2024-08-02,74.4,3.383,219.801,6.081,0
20,2024-08-09,73.6,3.383,219.56,6.272,0
20,2024-08-16,82.3,3.406,220.349,6.029,0
20,2024-08-23,78.3,3.304,219.55,6.178,0
20,2024-08-30,77.2,3.293,219.699,5.959,0
20,2024-09-06,67.1,3.328,219.635,6.036,1
20,2024-09-13,68.6,3.197,220.238,5.964,0
20,2024-09-20,71.9,3.194,219.989,5.749,0
20,2024-09-27,60.9,3.338,220.892,5.987,0
20,2024-10-04,62.9,3.226,220.578,5.916,0
20,2024-10-11,63.9,3.235,220.196,5.905,0
20,2024-10-18,61.8,3.184,220.552,5.9,0
20,2024-10-25,58.9,3.3,220.416,6.03,0
20,2024-11-01,50.7,3.208,220.525,6.12,0
20,2024-11-08,47.8,3.23,221.003,5.839,0
20,2024-11-15,50.7,3.257,220.672,6.064,0
20,2024-11-22,50.4,3.314,220.558,5.824,0
20,2024-11-29,46.1,3.199,220.861,5.849,1
20,2024-12-06,42.7,3.293,220.423,5.955,0
20,2024-12-13,41.4,3.34,220.699,5.931,0
20,2024-12-20,41.7,3.334,220.899,5.691,0
20,2024-12-27,42.7,3.308,221.153,5.917,1
20,2025-01-03,36.1,3.285,221.163,5.807,0
20,2025-01-10,40.2,3.34,221.323,5.87,0
20,2025-01-17,37.6,3.349,221.136,5.937,0
20,2025-01-24,36.1,3.414,221.13,5.82,0
